Player,IP,BF,ERA,FIP,WHIP,K%,BB%,GB%,FB%,SO/BB,WAR,HR9,Whiff%,Swing%,PutAway%,League
Logan Webb,207.0,856,3.22,2.6,1.237,26.2,5.4,52.8,16.9,4.87,3.9,0.6,,,,MLB
Garrett Crochet*,205.1,814,2.59,2.89,1.028,31.3,5.7,48.3,23.0,5.54,6.3,1.1,,,,MLB
Cristopher Sánchez*,202.0,807,2.5,2.55,1.064,26.3,5.5,58.2,16.9,4.82,8.0,0.5,,,,MLB
Max Fried*,195.1,801,2.86,3.07,1.101,23.6,6.4,51.9,21.2,3.71,4.5,0.6,,,,MLB
Carlos Rodón*,195.1,789,3.09,3.78,1.049,25.7,9.3,43.1,27.6,2.78,4.6,1.0,,,,MLB
Tarik Skubal*,195.1,748,2.21,2.45,0.891,32.2,4.4,40.9,27.3,7.3,6.6,0.8,,,,MLB
Kevin Gausman,193.0,775,3.59,3.42,1.062,24.4,6.5,36.5,29.8,3.78,3.8,1.0,,,,MLB
Zac Gallen,192.0,813,4.83,4.51,1.26,21.5,8.1,43.7,30.3,2.65,1.1,1.5,,,,MLB
Framber Valdez*,192.0,802,3.66,3.38,1.245,23.3,8.5,58.3,16.5,2.75,3.8,0.7,,,,MLB
Paul Skenes,187.2,733,1.97,2.36,0.948,29.5,5.7,44.3,24.9,5.14,7.6,0.5,,,,MLB
Bryan Woo,186.2,731,2.94,3.47,0.927,27.1,4.9,40.4,26.8,5.5,4.3,1.3,,,,MLB
Zack Littell,186.2,759,3.81,4.88,1.104,17.1,4.2,40.0,27.8,4.06,3.2,1.7,,,,MLB
Hunter Brown,185.1,729,2.43,3.14,1.025,28.3,7.8,47.7,23.3,3.61,6.1,0.8,,,,MLB
Merrill Kelly,184.0,748,3.52,3.76,1.114,22.3,6.4,42.9,25.8,3.48,2.9,1.1,,,,MLB
Jesús Luzardo*,183.2,758,3.92,2.9,1.22,28.5,7.5,41.7,25.3,3.79,3.9,0.8,,,,MLB
Tanner Bibee,182.1,762,4.24,4.34,1.229,21.3,7.1,44.6,26.5,3.0,1.1,1.3,,,,MLB
Robbie Ray*,182.1,755,3.65,3.93,1.212,24.6,9.7,36.0,33.1,2.55,2.8,1.1,,,,MLB
Nick Pivetta,181.2,721,2.87,3.49,0.985,26.4,6.9,33.3,33.3,3.8,5.3,1.1,,,,MLB
Luis Castillo,180.2,745,3.54,3.88,1.185,21.7,6.2,40.8,28.7,3.52,2.1,1.1,,,,MLB
Sonny Gray,180.2,753,4.28,3.39,1.234,26.7,5.0,44.7,23.2,5.29,1.4,1.2,,,,MLB
Jake Irvin,180.0,787,5.7,5.64,1.428,15.8,7.9,42.9,27.9,2.0,-0.4,1.9,,,,MLB
Matthew Boyd*,179.2,718,3.21,3.65,1.091,21.4,5.8,37.6,30.4,3.67,2.6,1.0,,,,MLB
Yusei Kikuchi*,178.1,772,3.99,4.23,1.424,22.5,9.6,39.5,27.6,2.35,3.3,1.2,,,,MLB
Freddy Peralta,176.2,723,2.7,3.65,1.075,28.2,9.1,36.8,28.9,3.09,5.5,1.1,,,,MLB
Brandon Pfaadt,176.2,767,5.25,4.22,1.33,19.2,4.8,41.9,23.9,3.97,0.6,1.3,,,,MLB
Mitch Keller,176.1,749,4.19,4.02,1.259,20.0,6.8,43.8,24.4,2.94,1.4,1.1,,,,MLB
Sandy Alcantara,174.2,745,5.36,4.28,1.271,19.1,7.7,46.5,24.1,2.49,0.0,1.1,,,,MLB
Yoshinobu Yamamoto,173.2,684,2.49,2.94,0.99,29.4,8.6,52.7,22.1,3.41,5.0,0.7,,,,MLB
Jacob deGrom,172.2,669,2.97,3.65,0.921,27.7,5.5,37.6,33.1,5.0,2.9,1.4,,,,MLB
Michael Wacha,172.2,716,3.86,3.66,1.222,17.6,6.3,35.9,27.2,2.8,2.8,0.8,,,,MLB
Dean Kremer,171.2,708,4.19,3.97,1.212,20.1,6.4,39.8,28.4,3.16,2.1,1.2,,,,MLB
Joe Ryan,171.0,689,3.42,3.74,1.035,28.2,5.7,36.5,32.2,4.97,4.5,1.4,,,,MLB
Jeffrey Springs*,171.0,713,4.11,4.65,1.211,19.4,7.6,30.9,29.5,2.56,1.9,1.5,,,,MLB
Chris Bassitt,170.1,736,3.96,4.01,1.327,22.6,7.1,45.9,21.6,3.19,2.1,1.2,,,,MLB
Brady Singer,169.2,716,4.03,3.98,1.238,22.8,8.4,39.0,28.4,2.72,3.1,1.0,,,,MLB
José Soriano,169.0,724,4.26,3.73,1.396,21.0,10.8,64.5,12.1,1.95,2.3,0.6,,,,MLB
David Peterson*,168.2,723,4.22,3.49,1.37,20.7,9.0,54.2,16.0,2.31,1.4,0.6,,,,MLB
Dylan Cease,168.0,722,4.55,3.56,1.327,29.8,9.8,36.6,30.5,3.03,1.1,1.1,,,,MLB
Ryan Pepiot,167.2,679,3.86,4.36,1.163,24.6,9.0,38.2,29.9,2.74,1.9,1.4,,,,MLB
Gavin Williams,167.2,704,3.06,4.39,1.27,24.6,11.8,45.6,26.7,2.08,3.8,1.2,,,,MLB
Brayan Bello,166.2,700,3.35,4.19,1.236,17.7,8.4,49.6,24.0,2.1,2.4,0.9,,,,MLB
Andrew Abbott*,166.1,684,2.87,3.66,1.148,21.8,6.3,31.3,32.9,3.47,5.6,1.0,,,,MLB
Shane Baz,166.1,711,4.87,4.37,1.335,24.8,9.0,46.8,22.7,2.75,0.4,1.4,,,,MLB
José Berríos,166.0,698,4.17,4.65,1.301,19.8,8.0,41.9,27.4,2.46,1.3,1.4,,,,MLB
Clay Holmes,165.2,708,3.53,4.11,1.304,18.2,9.3,55.1,18.2,1.95,2.0,0.8,,,,MLB
Nick Martinez,165.2,683,4.45,4.33,1.207,17.0,6.1,38.0,27.7,2.76,2.3,1.2,,,,MLB
Kyle Hendricks,164.2,695,4.76,4.6,1.275,16.4,6.2,38.6,28.9,2.65,1.7,1.4,,,,MLB
Mitchell Parker*,164.2,725,5.68,4.99,1.433,14.2,8.0,36.8,27.9,1.78,-1.2,1.4,,,,MLB
Kyle Freeland*,162.2,709,4.98,4.18,1.42,17.5,5.4,40.7,25.3,3.26,1.3,1.2,,,,MLB
Andre Pallante,162.2,715,5.31,4.69,1.445,15.5,8.7,58.8,18.1,1.79,-1.3,1.2,,,,MLB
Luis Severino,162.2,705,4.54,4.11,1.303,17.6,7.1,41.0,23.7,2.48,1.0,0.9,,,,MLB
Will Warren,162.1,711,4.44,4.07,1.374,24.1,9.1,41.9,25.5,2.63,0.6,1.2,,,,MLB
Jack Flaherty,161.0,681,4.64,3.85,1.28,27.6,8.7,36.1,29.1,3.19,0.9,1.3,,,,MLB
MacKenzie Gore*,159.2,680,4.17,3.74,1.353,27.2,9.4,37.6,31.5,2.89,3.0,1.1,,,,MLB
Colin Rea,159.1,662,3.95,4.12,1.249,19.2,6.6,39.0,24.3,2.89,0.6,1.1,,,,MLB
Chris Paddack,158.0,670,5.35,5.03,1.285,16.7,5.5,36.3,28.2,3.03,0.3,1.8,,,,MLB
Quinn Priester,157.1,653,3.32,4.01,1.239,20.2,7.7,55.1,19.1,2.64,3.0,1.0,,,,MLB
Ranger Suárez*,157.1,651,3.2,3.21,1.22,23.2,5.8,46.5,24.8,3.97,4.7,0.8,,,,MLB
Tomoyuki Sugano,157.0,675,4.64,5.36,1.331,15.7,5.3,40.6,28.6,2.94,1.2,1.9,,,,MLB
Logan Allen*,156.2,676,4.25,4.37,1.398,18.0,9.2,45.2,23.5,1.97,0.4,1.0,,,,MLB
Nick Lodolo*,156.2,642,3.33,3.81,1.079,24.3,4.8,42.3,27.1,5.03,4.9,1.3,,,,MLB
Bryce Elder,156.1,679,5.3,4.55,1.394,19.3,7.5,47.7,25.1,2.57,-0.4,1.4,,,,MLB
Miles Mikolas,156.1,669,4.84,5.04,1.318,14.9,5.5,40.1,30.8,2.7,0.3,1.7,,,,MLB
Patrick Corbin*,155.1,663,4.4,4.25,1.365,19.8,7.7,38.7,27.4,2.57,-0.5,1.2,,,,MLB
Eduardo Rodríguez*,154.1,694,5.02,4.57,1.542,20.6,8.6,36.8,23.9,2.38,0.2,1.5,,,,MLB
Ryne Nelson,154.0,619,3.39,3.73,1.071,21.3,6.6,39.8,28.1,3.22,3.4,1.0,,,,MLB
Justin Verlander,152.0,662,3.85,3.85,1.362,20.7,7.9,34.3,30.0,2.63,1.2,0.9,,,,MLB
Jack Leiter,151.2,646,3.86,4.15,1.279,22.9,10.4,37.6,30.0,2.21,0.4,1.1,,,,MLB
Matthew Liberatore*,151.2,648,4.21,4.03,1.305,18.8,6.2,37.6,27.4,3.05,0.9,1.1,,,,MLB
Drew Rasmussen,150.0,585,2.76,3.84,1.02,21.7,6.3,48.6,23.1,3.43,4.5,1.1,,,,MLB
Zack Wheeler,149.2,585,2.71,3.0,0.935,33.3,5.6,41.3,28.4,5.91,5.0,1.1,,,,MLB
Casey Mize,149.0,627,3.87,3.89,1.268,22.2,5.7,39.4,29.2,3.86,1.7,1.3,,,,MLB
Bailey Ober,146.1,624,5.1,4.9,1.298,19.2,5.0,29.7,34.0,3.87,1.1,1.8,,,,MLB
Shane Smith,146.1,616,3.81,4.1,1.196,23.5,9.4,40.4,27.9,2.5,2.4,1.0,,,,MLB
Seth Lugo,145.1,611,4.15,5.09,1.294,20.5,9.0,38.6,27.5,2.27,1.7,1.7,,,,MLB
Lucas Giolito,145.0,613,3.41,4.17,1.29,19.7,9.1,39.0,27.0,2.16,2.1,1.1,,,,MLB
Shota Imanaga*,144.2,567,3.73,4.86,0.988,20.6,4.6,29.1,39.7,4.5,1.5,1.9,,,,MLB
Davis Martin,142.2,601,4.1,4.64,1.29,17.3,8.0,45.9,26.7,2.17,1.5,1.3,,,,MLB
Taj Bradley,142.2,605,5.05,4.35,1.311,21.0,9.3,42.8,26.6,2.27,-0.6,1.2,,,,MLB
Charlie Morton,142.0,654,5.83,4.96,1.577,22.8,11.0,43.4,24.9,2.07,-0.8,1.5,,,,MLB
Michael Lorenzen,141.2,606,4.64,4.59,1.327,21.0,6.4,39.2,27.2,3.26,0.4,1.6,,,,MLB
Erick Fedde,141.0,623,5.49,5.2,1.518,13.3,10.8,39.6,26.6,1.24,-0.6,1.2,,,,MLB
Noah Cameron*,138.1,556,2.99,4.18,1.099,20.5,7.7,41.2,26.8,2.65,3.8,1.2,,,,MLB
Edward Cabrera,137.2,581,3.53,3.83,1.228,25.8,8.3,46.9,24.7,3.13,2.8,1.1,,,,MLB
Tyler Anderson*,136.1,599,4.56,5.6,1.408,17.4,9.5,29.2,34.9,1.82,2.0,1.8,,,,MLB
JP Sears*,135.2,583,5.04,5.21,1.319,20.1,6.2,29.2,36.6,3.25,0.8,2.0,,,,MLB
Sean Burke,134.1,596,4.29,4.92,1.452,22.3,10.6,35.4,32.1,2.11,0.9,1.5,,,,MLB
Randy Vásquez,133.2,570,3.84,4.85,1.324,13.7,9.1,39.7,27.9,1.5,2.2,1.1,,,,MLB
Dustin May,132.1,584,4.96,4.88,1.421,21.1,9.6,41.7,26.2,2.2,-0.6,1.4,,,,MLB
Slade Cecconi,132.0,545,4.3,4.64,1.189,20.0,5.9,40.9,28.2,3.41,0.8,1.6,,,,MLB
Jose Quintana*,131.2,556,3.96,4.81,1.291,16.0,9.0,42.2,27.2,1.78,1.4,1.2,,,,MLB
Logan Gilbert,131.0,535,3.44,3.35,1.031,32.3,5.8,38.9,28.4,5.58,2.1,1.4,,,,MLB
Brad Lord,130.2,546,4.34,4.23,1.293,19.8,7.9,48.2,19.9,2.51,1.5,1.2,,,,MLB
Nathan Eovaldi,130.0,496,1.73,2.8,0.854,26.0,4.2,49.7,24.9,6.14,4.2,0.7,,,,MLB
Antonio Senzatela,130.0,618,6.65,5.48,1.838,11.8,7.6,43.6,24.5,1.55,-0.5,1.5,,,,MLB
Jameson Taillon,129.2,519,3.68,4.66,1.057,18.9,5.2,33.8,32.2,3.63,1.3,1.7,,,,MLB
Germán Márquez,126.1,591,6.7,5.47,1.71,14.0,8.1,35.8,28.5,1.73,-1.2,1.6,,,,MLB
George Kirby,126.0,524,4.21,3.37,1.19,26.1,5.5,43.9,23.4,4.72,0.8,1.1,,,,MLB
Walker Buehler,126.0,565,4.93,5.66,1.516,16.3,10.8,42.0,24.0,1.51,0.0,1.6,,,,MLB
Chris Sale*,125.2,510,2.58,2.67,1.066,32.4,6.3,39.4,30.8,5.16,3.9,0.8,,,,MLB
Spencer Strider,125.1,539,4.45,4.53,1.396,24.3,9.5,36.4,31.5,2.57,1.0,1.4,,,,MLB
Bailey Falter*,125.1,518,4.45,4.94,1.285,15.6,8.9,35.1,29.0,1.76,0.8,1.4,,,,MLB
Adrian Houser,125.0,518,3.31,3.81,1.28,17.8,7.3,48.4,20.8,2.42,3.3,0.7,,,,MLB
Taijuan Walker,123.2,538,4.08,5.07,1.407,16.0,7.8,43.8,24.6,2.05,1.5,1.5,,,,MLB
Andrew Heaney*,122.1,536,5.52,5.59,1.381,16.0,7.5,36.4,27.4,2.15,-0.3,1.8,,,,MLB
Chad Patrick,119.2,503,3.53,3.53,1.279,25.2,8.0,31.0,28.9,3.18,1.9,1.0,,,,MLB
Cade Horton,118.0,476,2.67,3.59,1.085,20.4,6.9,42.5,29.2,2.94,2.0,0.8,,,,MLB
Cal Quantrill,117.2,513,6.04,5.14,1.453,16.6,6.8,33.2,30.9,2.43,-0.6,1.7,,,,MLB
Kris Bubic*,116.1,476,2.55,2.9,1.178,24.4,8.2,46.5,19.8,2.97,3.1,0.5,,,,MLB
Grant Holmes,115.0,492,3.99,4.4,1.339,25.0,11.0,44.5,27.6,2.28,1.4,1.3,,,,MLB
Kodai Senga,113.1,482,3.02,4.12,1.315,22.6,11.4,46.6,25.2,1.98,2.1,1.0,,,,MLB
Clayton Kershaw*,112.2,463,3.36,3.55,1.216,18.1,7.6,47.7,22.2,2.4,1.6,0.6,,,,MLB
Stephen Kolek,112.2,461,3.51,3.82,1.145,16.7,6.7,51.9,22.3,2.48,2.0,0.7,,,,MLB
Cade Povich*,112.1,488,5.21,4.18,1.496,24.2,8.8,41.7,26.4,2.74,-0.2,1.4,,,,MLB
Simeon Woods Richardson,111.1,471,4.04,4.52,1.275,22.7,9.8,33.0,34.9,2.33,2.2,1.4,,,,MLB
Jack Kochanowicz,111.0,512,6.81,6.05,1.748,14.1,11.3,52.3,23.5,1.24,-1.4,1.7,,,,MLB
Spencer Schwellenbach,110.2,434,3.09,3.25,0.967,24.9,4.1,47.1,19.3,6.0,2.2,1.1,,,,MLB
Janson Junk,110.0,447,4.17,3.15,1.136,17.2,2.9,40.5,24.9,5.92,1.0,0.7,,,,MLB
Trevor Rogers*,109.2,423,1.81,2.82,0.903,24.3,6.9,45.3,24.6,3.55,5.5,0.5,,,,MLB
Hunter Greene,107.2,420,2.76,3.28,0.938,31.4,6.2,33.5,31.9,5.08,4.4,1.3,,,,MLB
Landen Roupp,106.2,476,3.8,3.91,1.481,21.4,9.5,44.5,24.2,2.27,0.8,0.9,,,,MLB
Ben Brown,106.1,472,5.92,4.08,1.439,25.6,6.8,42.2,26.7,3.78,-1.6,1.5,,,,MLB
Eric Lauer*,104.2,426,3.18,3.85,1.108,23.9,6.1,28.7,34.8,3.92,2.2,1.3,,,,MLB
Jonathan Cannon,103.2,466,5.82,5.13,1.486,18.5,8.2,37.3,30.1,2.26,-0.5,1.6,,,,MLB
Aaron Civale,102.0,435,4.85,4.63,1.265,20.2,7.6,33.6,31.9,2.67,0.1,1.4,,,,MLB
Ryan Gusto,101.2,453,5.67,4.61,1.475,21.4,7.9,36.5,29.2,2.69,-0.4,1.5,,,,MLB
Mike Vasil,101.0,423,2.5,4.32,1.248,19.4,12.3,50.7,23.2,1.58,2.9,0.7,,,,MLB
Carmen Mlodzinski,99.0,419,3.55,3.33,1.303,21.2,6.4,47.2,20.1,3.3,1.4,0.7,,,,MLB
Chase Dollander,98.0,441,6.52,5.53,1.551,18.6,11.1,41.8,27.3,1.67,-0.3,1.7,,,,MLB
Joey Wentz*,98.0,442,5.6,4.06,1.561,20.8,9.7,37.3,27.5,2.14,-0.4,1.0,,,,MLB
Tyler Alexander*,97.2,423,4.98,3.64,1.403,19.4,7.1,33.1,29.2,2.73,-0.4,0.8,,,,MLB
Mike Burrows,96.0,402,3.94,4.0,1.24,24.1,7.7,40.9,25.3,3.13,1.5,1.2,,,,MLB
Michael McGreevy,95.2,400,4.42,4.28,1.254,14.5,5.0,47.3,24.1,2.9,0.7,1.1,,,,MLB
Joey Cantillo*,95.1,401,3.21,3.56,1.259,26.9,10.5,41.0,25.9,2.57,1.4,0.9,,,,MLB
Eury Pérez,95.1,385,4.25,3.67,1.049,27.3,8.3,31.4,37.1,3.28,1.2,1.1,,,,MLB
Aaron Nola,94.1,404,6.01,4.58,1.346,24.0,6.9,42.5,26.2,3.46,-0.3,1.7,,,,MLB
Jacob Lopez*,92.2,399,4.08,4.26,1.273,28.3,9.3,26.6,33.6,3.05,1.1,1.5,,,,MLB
Sean Newcomb*,92.1,391,2.73,3.04,1.354,23.3,7.9,46.0,21.7,2.94,1.6,0.5,,,,MLB
Keider Montero,90.2,389,4.37,4.93,1.39,18.5,8.0,40.5,27.1,2.32,0.7,1.6,,,,MLB
J.T. Ginn,90.1,392,5.08,4.62,1.362,25.3,7.9,52.3,20.7,3.19,0.5,1.7,,,,MLB
Tyler Glasnow,90.1,366,3.19,3.76,1.096,29.0,11.7,44.4,28.5,2.47,1.9,1.0,,,,MLB
Bryce Miller,90.1,392,5.68,5.17,1.406,18.9,8.7,38.2,25.7,2.18,-0.8,1.7,,,,MLB
Emerson Hancock,90.0,385,4.9,5.08,1.378,16.6,8.1,43.5,25.3,2.06,-0.2,1.5,,,,MLB
Michael Soroka,89.2,379,4.52,4.23,1.126,25.1,7.7,43.3,29.2,3.28,0.6,1.2,,,,MLB
Luis Ortiz,88.2,382,4.36,4.18,1.376,25.1,11.0,46.9,24.3,2.29,0.6,1.2,,,,MLB
Kyle Leahy,88.0,363,3.07,3.05,1.227,22.0,7.7,42.9,21.7,2.86,1.5,0.5,,,,MLB
Tyler Mahle,86.2,346,2.18,3.37,1.131,19.1,8.4,38.6,26.7,2.28,2.1,0.5,,,,MLB
Colton Gordon*,86.0,379,5.34,5.37,1.419,19.0,5.0,31.8,28.7,3.79,-0.4,2.2,,,,MLB
Jacob Latz*,85.2,348,2.84,3.72,1.237,21.8,10.6,37.9,26.4,2.05,1.4,0.7,,,,MLB
Max Scherzer,85.0,358,5.19,4.99,1.294,22.9,6.4,27.5,37.1,3.57,0.2,2.0,,,,MLB
Mitch Spence,84.2,375,5.1,5.1,1.441,17.6,6.9,43.2,25.2,2.54,-0.7,1.7,,,,MLB
Jimmy Herget,83.1,347,2.48,3.32,1.176,23.3,7.5,34.3,28.8,3.12,3.0,0.6,,,,MLB
Trevor Williams,82.2,373,6.21,4.13,1.536,17.4,5.6,33.0,30.5,3.1,-0.6,1.2,,,,MLB
Valente Bellozo,81.1,348,4.65,5.2,1.328,15.5,6.6,30.8,38.0,2.35,0.3,1.7,,,,MLB
Logan Evans,81.1,350,4.32,5.05,1.389,16.9,8.9,39.8,25.0,1.9,0.0,1.4,,,,MLB
Spencer Bivens,81.0,343,4.0,3.7,1.333,17.8,7.3,52.0,20.6,2.44,0.2,0.7,,,,MLB
Osvaldo Bido,79.2,363,5.87,6.07,1.607,18.7,9.6,30.3,37.4,1.94,-0.7,2.1,,,,MLB
Zebby Matthews,79.1,354,5.56,3.79,1.487,24.9,6.8,32.2,30.6,3.67,0.2,1.4,,,,MLB
Eduard Bazardo,78.2,313,2.52,3.64,1.017,26.2,8.6,38.6,30.7,3.04,1.8,1.0,,,,MLB
Tyler Holton*,78.2,312,3.66,4.64,1.042,20.5,5.4,45.9,23.8,3.76,0.8,1.7,,,,MLB
Clarke Schmidt,78.2,316,3.32,3.95,1.093,23.1,9.5,32.5,31.6,2.43,1.7,1.0,,,,MLB
Ben Casparius,77.2,333,4.64,3.57,1.275,21.3,6.3,33.2,31.5,3.38,-0.3,0.9,,,,MLB
Tyler Phillips,77.2,313,2.78,4.14,1.146,16.6,7.7,55.3,20.9,2.17,1.8,0.9,,,,MLB
Jason Alexander,77.1,336,4.77,5.1,1.371,19.3,7.7,43.8,24.8,2.5,0.6,1.7,,,,MLB
Tyler Rogers,77.1,299,1.98,2.88,0.944,16.1,2.3,60.7,12.8,6.86,2.4,0.5,,,,MLB
Carlos Vargas,77.0,331,3.97,4.59,1.351,16.3,6.9,55.9,20.2,2.35,0.0,1.2,,,,MLB
Steven Matz*,76.2,309,3.05,3.46,1.096,19.1,3.6,45.8,21.6,5.36,0.9,0.9,,,,MLB
Griffin Canning,76.1,328,3.77,4.04,1.376,21.3,10.7,50.2,22.0,2.0,1.1,0.9,,,,MLB
Jack Dreyer*,76.1,307,2.95,2.82,1.048,24.1,7.8,36.8,28.7,3.08,1.3,0.5,,,,MLB
Jose A. Ferrer*,76.1,324,4.48,3.03,1.271,21.9,4.9,59.6,13.9,4.44,0.1,0.6,,,,MLB
Ryan Bergert,76.1,323,3.66,4.0,1.258,22.6,10.8,28.5,36.9,2.09,1.4,0.9,,,,MLB
Edwin Uceta,76.0,321,3.79,3.69,1.171,32.1,8.4,31.7,34.4,3.81,0.7,1.3,,,,MLB
Pablo López,75.2,312,2.74,3.19,1.11,23.4,6.4,38.1,27.4,3.65,2.1,0.7,,,,MLB
Tanner Gordon,75.1,337,6.33,5.05,1.5,18.4,5.0,34.1,29.4,3.65,-0.1,1.9,,,,MLB
Abner Uribe,75.1,298,1.67,2.75,1.035,30.2,9.1,52.6,16.0,3.33,2.7,0.5,,,,MLB
Shawn Armstrong,74.0,284,2.31,3.07,0.811,26.1,7.0,35.9,33.7,3.7,1.5,0.6,,,,MLB
Adrián Morejón*,73.2,286,2.08,2.28,0.896,24.5,5.9,51.3,19.6,4.12,2.4,0.2,,,,MLB
Tony Santillan,73.2,301,2.44,3.72,1.113,24.9,9.6,35.6,23.0,2.59,3.0,0.9,,,,MLB
Cade Smith,73.2,300,2.93,1.96,1.005,34.7,6.3,35.8,27.2,5.47,0.9,0.5,,,,MLB
Michael King,73.1,308,3.44,4.42,1.2,24.7,8.4,38.6,30.2,2.92,1.2,1.5,,,,MLB
Jackson Rutledge,73.1,330,5.77,5.47,1.514,19.7,7.3,40.6,28.2,2.71,-0.5,2.0,,,,MLB
Emmet Sheehan,73.1,291,2.82,2.93,0.968,30.6,7.6,33.7,30.3,4.05,1.0,0.9,,,,MLB
Jeremiah Estrada,73.0,304,3.45,3.55,1.164,35.5,8.9,34.3,30.1,4.0,1.2,1.5,,,,MLB
Ronny Henriquez,73.0,303,2.22,3.15,1.096,32.3,8.9,39.7,33.9,3.63,2.3,1.0,,,,MLB
Yariel Rodríguez,73.0,298,3.08,4.4,1.151,22.1,11.4,39.1,25.0,1.94,1.4,1.0,,,,MLB
Cam Schlittler,73.0,304,2.96,3.74,1.219,27.6,10.2,36.4,26.6,2.71,2.0,1.0,,,,MLB
Louis Varland,72.2,296,2.97,3.14,1.197,25.3,7.4,51.8,16.8,3.41,1.7,0.7,,,,MLB
Tyler Kinley,72.2,308,3.96,3.69,1.183,23.7,10.7,32.7,30.7,2.21,1.4,0.7,,,,MLB
Yu Darvish,72.0,296,5.38,4.82,1.181,23.0,6.4,39.4,28.6,3.58,0.0,1.8,,,,MLB
Cole Sands,72.0,299,4.5,3.58,1.167,21.4,6.4,42.0,25.9,3.37,0.4,0.9,,,,MLB
Garrett Whitlock,72.0,293,2.25,2.18,1.083,31.1,8.2,45.7,23.7,3.79,2.4,0.3,,,,MLB
Steven Okert*,71.2,276,3.01,2.76,0.893,30.4,6.9,23.4,36.8,4.42,1.5,0.8,,,,MLB
Wandy Peralta*,71.2,313,3.14,3.62,1.34,20.1,9.6,58.7,17.9,2.1,1.1,0.6,,,,MLB
Zach Eflin,71.1,309,5.93,5.65,1.416,16.2,4.2,40.2,29.5,3.85,-0.4,2.3,,,,MLB
Bryan Abreu,71.0,296,2.28,2.39,1.155,35.5,10.5,35.3,24.4,3.39,2.6,0.5,,,,MLB
Lake Bachar,71.0,296,3.93,4.25,1.197,25.3,10.1,34.0,28.7,2.5,0.7,1.3,,,,MLB
Hoby Milner*,70.1,293,3.84,3.39,1.265,19.8,7.2,51.4,24.1,2.76,-0.6,0.6,,,,MLB
Dennis Santana,70.1,270,2.18,3.21,0.867,22.2,6.3,38.9,34.2,3.53,2.7,0.6,,,,MLB
Jhoan Duran,70.0,287,2.06,2.35,1.1,27.9,6.6,64.3,15.1,4.21,3.2,0.4,,,,MLB
Grant Anderson,69.2,299,3.23,3.84,1.263,24.7,9.7,40.2,25.8,2.55,0.3,1.0,,,,MLB
Braxton Ashcraft,69.2,292,2.71,2.78,1.249,24.3,8.2,49.7,22.1,2.96,2.0,0.4,,,,MLB
Brandon Eisert*,69.2,306,4.39,4.54,1.435,24.2,8.2,39.6,30.7,2.96,0.4,1.6,,,,MLB
Brad Keller,69.2,276,2.07,2.94,0.962,27.2,8.0,55.5,17.3,3.41,1.5,0.5,,,,MLB
Robert Suarez,69.2,269,2.97,2.88,0.904,27.9,5.9,35.8,26.7,4.69,2.3,0.8,,,,MLB
Reese Olson,68.2,285,3.15,3.5,1.209,22.8,8.8,42.6,28.4,2.6,1.7,0.7,,,,MLB
Emilio Pagán,68.2,270,2.88,3.72,0.917,30.0,8.1,28.5,38.8,3.68,2.0,1.3,,,,MLB
Will Vest,68.2,284,3.01,2.71,1.209,26.4,7.7,57.5,18.3,3.41,1.7,0.5,,,,MLB
Bryan Baker,68.2,274,4.06,3.92,1.107,30.3,6.2,37.4,28.2,4.88,0.4,1.7,,,,MLB
Scott Barlow,68.1,303,4.21,4.7,1.39,24.8,14.9,43.5,25.4,1.67,0.7,1.1,,,,MLB
Dylan Lee*,68.1,266,3.29,4.0,0.98,28.6,5.3,35.8,33.0,5.43,1.0,1.7,,,,MLB
Brendon Little*,68.1,295,3.03,2.92,1.361,30.8,15.3,59.2,14.0,2.02,1.1,0.3,,,,MLB
Tylor Megill,68.1,305,3.95,3.43,1.361,29.2,10.8,40.3,23.9,2.7,0.3,0.8,,,,MLB
Jeff Hoffman,68.0,287,4.37,4.9,1.191,29.3,9.4,39.5,26.7,3.11,0.5,2.0,,,,MLB
Bryan King*,68.0,275,2.78,3.68,1.044,25.1,4.0,40.8,24.6,6.27,1.7,1.3,,,,MLB
Daniel Lynch IV*,67.2,289,3.06,4.76,1.36,15.6,9.0,47.6,25.0,1.73,1.3,1.1,,,,MLB
Brent Suter*,67.2,291,4.52,4.57,1.286,18.2,6.2,43.6,28.9,2.94,0.3,1.5,,,,MLB
Tanner Banks*,67.1,267,3.07,3.64,1.01,22.8,4.5,36.3,26.9,5.08,1.7,1.2,,,,MLB
Raisel Iglesias,67.1,266,3.21,3.31,0.995,27.4,6.0,32.0,33.1,4.56,1.3,1.1,,,,MLB
Jordan Hicks,67.1,314,6.95,4.35,1.663,18.5,10.2,55.3,17.2,1.81,-1.8,0.8,,,,MLB
Tim Hill*,67.0,269,3.09,4.3,1.104,13.8,5.9,63.7,18.1,2.31,1.1,1.1,,,,MLB
Greg Weissert,67.0,278,2.82,3.67,1.164,20.5,7.6,41.1,27.9,2.71,1.1,0.8,,,,MLB
José Buttó,67.0,284,3.9,3.7,1.403,20.4,11.3,47.1,23.6,1.81,0.4,0.5,,,,MLB
Aaron Ashby*,66.2,270,2.16,2.7,1.17,28.1,8.9,61.2,13.9,3.17,2.0,0.4,,,,MLB
Hunter Gaddis,66.2,274,3.11,3.5,1.185,26.6,7.7,36.3,30.7,3.48,1.1,1.1,,,,MLB
Jakob Junis,66.2,274,2.97,3.45,1.23,20.1,6.6,39.6,25.9,3.06,0.9,0.7,,,,MLB
Justin Wrobleski*,66.2,280,4.32,2.93,1.23,27.1,6.1,48.9,19.6,4.47,0.0,0.8,,,,MLB
Edwin Díaz,66.1,258,1.63,2.28,0.874,38.0,8.1,46.6,23.7,4.67,3.0,0.5,,,,MLB
Carlos Estévez,66.0,269,2.45,3.67,1.061,20.1,8.2,24.9,30.2,2.45,2.1,0.7,,,,MLB
Jared Koenig*,66.0,268,2.86,3.35,1.167,25.4,7.5,45.5,33.0,3.4,1.6,0.8,,,,MLB
Jacob Misiorowski,66.0,273,4.36,3.62,1.242,31.9,11.4,34.9,28.3,2.81,0.5,1.1,,,,MLB
Jacob Webb,66.0,267,3.0,4.3,1.03,21.7,7.1,31.9,35.6,3.05,0.2,1.4,,,,MLB
Griffin Jax,66.0,283,4.23,2.51,1.288,35.0,7.4,45.3,20.5,4.71,0.5,1.0,,,,MLB
Enyel De Los Santos,66.0,280,4.36,3.82,1.288,22.1,8.6,32.8,26.6,2.58,0.1,1.0,,,,MLB
Hayden Birdsong,65.2,298,4.8,4.96,1.492,22.8,12.4,33.5,30.3,1.84,-0.5,1.4,,,,MLB
Jason Adam,65.1,270,1.93,3.07,1.148,25.9,9.3,43.3,30.4,2.8,2.4,0.6,,,,MLB
Graham Ashcraft,65.1,284,3.99,2.72,1.423,22.5,8.8,54.9,12.8,2.56,0.3,0.3,,,,MLB
Camilo Doval,65.1,278,3.58,3.47,1.316,25.9,12.6,52.4,19.0,2.06,0.3,0.6,,,,MLB
Caleb Ferguson*,65.1,270,3.58,3.26,1.163,18.9,8.1,48.2,18.3,2.32,0.9,0.3,,,,MLB
Kolby Allard*,65.0,266,2.63,3.54,1.2,15.8,5.3,36.8,26.3,3.0,1.3,0.7,,,,MLB
Anthony Banda*,65.0,268,3.18,4.52,1.215,22.8,12.7,39.2,35.7,1.79,0.9,1.1,,,,MLB
Justin Sterner,65.0,266,3.18,4.27,1.046,26.3,7.9,29.9,34.1,3.33,1.5,1.4,,,,MLB
Hogan Harris*,64.2,277,3.2,3.71,1.345,23.5,11.9,34.3,28.7,1.97,1.2,0.7,,,,MLB
Max Meyer,64.2,285,4.73,4.47,1.423,23.9,7.0,49.2,24.6,3.4,0.0,1.7,,,,MLB
Luke Weaver,64.2,262,3.62,3.89,1.021,27.5,7.6,26.8,39.9,3.6,0.8,1.4,,,,MLB
Brandon Woodruff,64.2,257,3.2,3.17,0.912,32.3,5.4,34.0,33.3,5.93,1.3,1.3,,,,MLB
Ángel Zerpa*,64.2,275,4.18,3.86,1.376,21.1,8.0,61.7,16.1,2.64,0.3,1.0,,,,MLB
Corbin Burnes,64.1,265,2.66,3.94,1.166,23.8,9.8,49.7,19.1,2.42,1.9,1.0,,,,MLB
Jordan Leasure,64.1,269,3.92,4.49,1.228,30.1,11.2,28.0,31.8,2.7,0.7,1.7,,,,MLB
Kumar Rocker,64.1,287,5.74,4.88,1.461,19.5,8.0,48.5,23.0,2.43,-1.1,1.5,,,,MLB
Bowden Francis,64.0,288,6.05,6.85,1.531,18.8,9.4,33.3,30.8,2.0,-0.8,2.7,,,,MLB
Robert Garcia*,64.0,269,2.95,3.71,1.25,25.3,8.2,38.2,32.0,3.09,0.4,1.1,,,,MLB
John Schreiber,64.0,265,3.8,4.17,1.188,23.4,7.2,39.3,27.9,3.26,0.5,1.4,,,,MLB
Ryan Yarbrough*,64.0,264,4.36,5.04,1.203,20.8,7.2,38.8,31.4,2.89,0.6,1.8,,,,MLB
Reid Detmers*,63.2,266,3.96,3.12,1.304,30.1,9.4,44.0,23.3,3.2,1.3,0.8,,,,MLB
Keegan Akin*,63.1,268,3.41,4.94,1.374,22.0,12.3,37.1,32.6,1.79,0.9,1.4,,,,MLB
Yuki Matsui*,63.1,272,3.98,4.87,1.358,22.4,12.1,31.6,36.7,1.85,0.6,1.4,,,,MLB
Huascar Brazobán,63.0,262,3.57,4.04,1.238,21.8,10.3,50.6,25.9,2.11,0.6,0.9,,,,MLB
Brant Hurter*,63.0,277,2.43,3.61,1.333,24.5,9.7,48.0,19.9,2.52,0.7,0.6,,,,MLB
Tommy Kahnle,63.0,267,4.43,4.72,1.302,18.7,11.6,47.6,23.2,1.61,-0.1,1.1,,,,MLB
Seranthony Domínguez,62.2,261,3.16,3.47,1.277,30.3,13.8,43.1,21.5,2.19,0.5,0.7,,,,MLB
Yoendrys Gómez,62.2,277,5.17,5.26,1.388,20.9,9.7,36.4,33.2,2.15,0.0,1.7,,,,MLB
David Bednar,62.2,251,2.3,2.18,1.037,34.3,7.6,44.1,22.8,4.53,2.2,0.6,,,,MLB
Andrés Muñoz,62.1,254,1.73,2.43,1.027,32.7,11.0,50.0,21.7,2.96,2.4,0.3,,,,MLB
Matt Strahm*,62.1,256,2.74,2.99,1.075,27.3,7.8,20.1,36.0,3.5,2.0,0.7,,,,MLB
Gabe Speier*,62.0,243,2.61,2.31,0.871,33.7,4.5,39.3,35.2,7.45,1.4,0.7,,,,MLB
Devin Williams,62.0,259,4.79,2.68,1.129,34.7,9.7,44.3,25.7,3.6,-0.3,0.7,,,,MLB
Brock Burke*,61.2,257,3.36,4.16,1.232,20.2,7.0,48.9,24.5,2.89,1.5,1.2,,,,MLB
Cole Ragans*,61.2,257,4.67,2.5,1.184,38.1,7.8,36.5,27.0,4.9,0.2,1.0,,,,MLB
Mason Miller,61.2,234,2.63,2.23,0.908,44.4,12.0,39.6,27.7,3.71,2.1,0.7,,,,MLB
Aroldis Chapman*,61.1,228,1.17,1.73,0.701,37.3,6.6,38.3,28.1,5.67,3.5,0.4,,,,MLB
Garrett Cleavinger*,61.1,243,2.35,3.59,0.946,33.7,7.4,44.9,27.9,4.56,1.9,1.3,,,,MLB
Lucas Erceg,61.1,249,2.64,3.49,1.174,19.3,7.2,51.4,19.0,2.67,1.5,0.6,,,,MLB
Juan Mejia,61.1,261,3.96,3.71,1.255,26.1,9.6,38.3,27.2,2.72,0.6,0.9,,,,MLB
Blake Snell*,61.1,254,2.35,2.7,1.255,28.3,10.2,47.4,17.9,2.77,1.3,0.4,,,,MLB
Ryan Walker,61.1,266,4.11,3.3,1.272,22.6,6.8,48.3,18.9,3.33,0.1,0.6,,,,MLB
Phil Maton,61.1,248,2.79,2.6,1.06,32.7,9.3,44.5,19.7,3.52,1.3,0.4,,,,MLB
Hunter Dobbins,61.0,256,4.13,3.87,1.279,17.6,6.6,48.4,19.8,2.65,0.4,0.9,,,,MLB
JoJo Romero*,61.0,255,2.07,3.28,1.246,21.6,11.4,55.4,18.5,1.9,1.7,0.3,,,,MLB
Sean Manaea*,60.2,263,5.64,4.39,1.22,28.5,4.6,35.5,24.9,6.25,-0.4,1.9,,,,MLB
Pete Fairbanks,60.1,244,2.83,3.63,1.044,24.2,7.4,44.6,24.7,3.28,1.2,1.0,,,,MLB
Calvin Faucher,60.1,255,3.28,4.25,1.276,23.1,9.4,45.0,23.1,2.46,0.8,1.2,,,,MLB
Matt Svanson,60.1,234,1.94,2.72,0.878,29.1,8.5,42.3,24.6,3.4,1.8,0.4,,,,MLB
Gregory Soto*,60.1,279,4.18,3.42,1.425,25.1,8.6,43.1,24.1,2.92,-0.1,0.6,,,,MLB
Rafael Montero,60.1,253,4.48,4.13,1.309,22.9,14.6,48.1,25.9,1.57,-0.1,0.7,,,,MLB
Brenan Hanifee,60.0,260,3.0,3.25,1.317,15.4,5.4,55.4,17.6,2.86,0.0,0.5,,,,MLB
Orion Kerkering,60.0,266,3.3,3.82,1.367,24.4,10.2,42.9,25.3,2.41,0.9,0.9,,,,MLB
Justin Topa,60.0,268,3.9,3.04,1.433,18.3,6.7,46.7,17.8,2.72,0.4,0.3,,,,MLB
Alex Vesia*,59.2,237,3.02,3.77,0.989,33.8,9.3,28.5,29.2,3.64,1.1,1.4,,,,MLB
Kenley Jansen,59.0,234,2.59,3.98,0.949,24.4,8.1,26.8,43.3,3.0,2.4,1.2,,,,MLB
Pierce Johnson,59.0,238,3.05,3.92,1.203,24.8,8.0,34.6,31.4,3.11,1.1,1.2,,,,MLB
Bradley Blalock,58.2,275,9.36,7.31,1.841,9.8,8.4,40.1,31.1,1.17,-1.6,2.6,,,,MLB
Angel Chivilli,58.2,275,7.06,6.03,1.688,15.6,8.4,49.8,23.2,1.87,-0.7,2.0,,,,MLB
Yennier Cano,58.0,251,5.12,4.27,1.483,21.1,9.6,53.5,17.6,2.21,-0.4,1.1,,,,MLB
Tyler Ferguson,58.0,246,4.66,4.14,1.328,22.0,13.8,36.4,33.1,1.59,0.2,0.6,,,,MLB
Caleb Thielbar*,58.0,220,2.64,3.0,0.879,25.5,5.9,39.7,30.5,4.31,1.1,0.8,,,,MLB
Austin Gomber*,57.2,272,7.49,6.5,1.717,12.5,6.3,33.2,37.3,2.0,-0.7,2.5,,,,MLB
Brandon Young,57.2,256,6.24,5.36,1.543,18.4,8.6,43.3,28.9,2.14,-0.6,1.9,,,,MLB
Jalen Beeks*,57.1,231,3.77,4.01,1.081,20.3,8.7,45.7,27.8,2.35,0.9,0.9,,,,MLB
Luis Gil,57.0,244,3.32,4.63,1.404,16.8,13.5,32.0,29.6,1.24,1.0,0.8,,,,MLB
Tanner Scott*,57.0,238,4.74,4.7,1.263,25.2,7.6,37.8,26.3,3.33,-0.6,1.7,,,,MLB
Ian Seymour*,57.0,242,3.63,3.19,1.175,26.4,7.9,34.0,26.3,3.37,-0.1,0.8,,,,MLB
Ryan Zeferjahn,57.0,257,4.74,5.36,1.474,28.4,13.6,34.5,35.2,2.09,0.6,1.9,,,,MLB
Kyle Finnegan,57.0,229,3.47,3.12,1.105,24.0,7.9,48.1,22.7,3.06,1.0,0.6,,,,MLB
Tristan Beck,56.2,232,4.61,4.25,1.112,17.7,6.9,41.6,25.4,2.56,0.1,1.1,,,,MLB
Nick Mears,56.2,221,3.49,3.86,0.971,20.8,5.9,33.5,34.8,3.54,0.5,1.1,,,,MLB
Hurston Waldrep,56.1,229,2.88,3.21,1.189,24.0,9.6,49.0,21.5,2.5,1.4,0.5,,,,MLB
Martín Pérez*,56.0,228,3.54,4.24,1.107,19.3,9.6,38.8,31.9,2.0,1.3,1.0,,,,MLB
Ryne Stanek,56.0,255,5.3,4.4,1.571,22.7,12.5,32.7,33.3,1.81,-1.0,1.1,,,,MLB
Ryan Helsley,56.0,252,4.5,4.14,1.536,25.0,9.9,44.2,23.9,2.52,0.1,1.3,,,,MLB
Taylor Clarke,55.1,206,3.25,3.97,0.849,21.4,4.4,44.1,25.0,4.89,1.0,1.3,,,,MLB
Reed Garrett,55.1,238,3.9,3.46,1.319,26.9,10.9,41.5,24.5,2.46,0.4,0.8,,,,MLB
Lance McCullers Jr.,55.1,274,6.51,5.77,1.807,22.3,14.2,47.6,25.9,1.56,-1.1,1.6,,,,MLB
Steven Wilson,55.1,241,3.42,4.29,1.301,21.2,9.1,26.1,36.4,2.32,1.2,1.1,,,,MLB
Jake Bird,55.1,248,5.53,3.91,1.536,26.6,10.1,46.1,24.0,2.64,0.0,1.1,,,,MLB
Luis García,55.1,233,3.42,3.28,1.464,20.6,11.2,48.4,18.2,1.85,0.8,0.3,,,,MLB
José Ureña,55.0,245,4.58,5.21,1.455,13.9,9.4,35.7,25.4,1.48,0.4,1.3,,,,MLB
Jorge Alcala,55.0,257,6.22,5.68,1.745,23.7,11.7,32.7,32.1,2.03,-1.1,2.1,,,,MLB
Matt Festa,54.2,226,4.12,3.14,1.079,24.8,6.6,39.3,23.3,3.73,-0.2,0.7,,,,MLB
Cade Gibson*,54.2,230,2.63,3.76,1.189,18.7,9.1,50.6,17.5,2.05,1.4,0.5,,,,MLB
Aaron Bummer*,54.1,235,3.81,3.52,1.252,21.7,7.2,54.5,16.0,3.0,0.1,0.5,,,,MLB
Brandon Walter*,53.2,212,3.35,4.01,0.932,24.5,1.9,43.8,26.8,13.0,1.3,1.7,,,,MLB
David Festa,53.1,229,5.4,4.88,1.275,23.1,8.3,35.3,34.0,2.79,0.3,1.7,,,,MLB
Andrew Kittredge,53.0,208,3.4,3.06,0.981,30.8,5.3,48.9,25.6,5.82,0.6,1.2,,,,MLB
Mason Fluharty*,52.2,215,4.44,3.97,1.139,26.0,11.2,40.6,30.1,2.33,0.1,1.0,,,,MLB
Josh Hader*,52.2,206,2.05,3.25,0.854,36.9,7.8,20.7,35.1,4.75,2.3,1.4,,,,MLB
Cole Henry,52.2,241,4.27,5.34,1.424,21.6,13.3,31.5,28.1,1.63,0.3,1.2,,,,MLB
Daniel Palencia,52.2,215,2.91,3.08,1.139,28.4,7.4,38.2,25.7,3.81,0.6,0.9,,,,MLB
Joe Boyle,52.0,226,4.67,4.19,1.365,25.7,12.4,44.5,28.5,2.07,-0.2,1.0,,,,MLB
Brennan Bernardino*,51.2,224,3.14,3.41,1.258,19.2,11.6,49.0,21.9,1.65,0.4,0.2,,,,MLB
Tyler Gilbert*,51.0,215,3.88,4.02,1.255,22.8,11.2,32.1,35.7,2.04,0.5,0.9,,,,MLB
Joe Ross,51.0,228,5.12,4.88,1.471,17.1,7.9,44.6,25.0,2.17,0.1,1.4,,,,MLB
Luke Jackson,51.0,219,4.06,4.49,1.353,17.4,12.8,50.7,22.0,1.36,-0.6,0.7,,,,MLB
Tobias Myers,50.2,220,3.55,3.93,1.362,17.3,6.8,36.4,27.9,2.53,0.6,0.9,,,,MLB
Randy Rodríguez,50.2,198,1.78,2.41,0.888,33.8,5.6,37.1,31.0,6.09,1.9,0.7,,,,MLB
Bennett Sousa*,50.2,199,2.84,2.72,1.026,29.6,7.5,38.4,28.0,3.93,1.3,0.7,,,,MLB
Victor Vodnik,50.2,215,3.02,3.77,1.401,22.8,12.1,54.3,22.1,1.88,1.8,0.7,,,,MLB
Taylor Rogers*,50.2,221,3.38,4.38,1.382,24.0,10.4,40.8,22.5,2.3,0.4,1.2,,,,MLB
Anthony Bender,50.0,204,2.16,3.62,1.06,20.6,10.3,48.2,30.2,2.0,1.9,0.5,,,,MLB
Braydon Fisher,50.0,202,2.7,3.02,1.02,30.7,9.4,35.6,33.1,3.26,1.4,0.7,,,,MLB
Casey Legumina,49.2,219,5.62,4.38,1.45,25.1,11.4,38.7,29.9,2.2,-0.9,1.3,,,,MLB
Drew Pomeranz*,49.2,203,2.17,3.36,1.067,28.1,7.4,38.9,26.2,3.8,0.9,0.9,,,,MLB
Jackson Jobe,49.0,218,4.22,5.18,1.49,17.9,12.4,42.7,28.0,1.44,0.4,1.3,,,,MLB
Cade Cavalli,48.2,219,4.25,4.53,1.479,18.3,6.8,54.4,15.8,2.67,0.2,1.3,,,,MLB
Luis Morales,48.2,199,3.14,4.68,1.151,21.6,9.0,35.0,32.1,2.39,1.2,1.5,,,,MLB
Ronel Blanco,48.1,199,4.1,4.27,1.179,24.1,10.1,32.8,32.1,2.4,0.7,1.3,,,,MLB
John King*,48.1,222,4.66,5.0,1.634,12.6,6.3,59.4,18.3,2.0,-0.3,1.5,,,,MLB
Mark Leiter Jr.,48.1,219,4.84,3.55,1.531,24.7,7.8,46.5,27.1,3.18,-0.6,0.9,,,,MLB
Justin Wilson*,48.1,207,3.35,2.95,1.407,27.5,9.7,45.3,21.1,2.85,0.3,0.6,,,,MLB
Fernando Cruz,48.0,200,3.56,3.18,1.188,36.0,12.0,38.6,27.7,3.0,0.3,0.9,,,,MLB
Nolan McLean,48.0,188,2.06,2.97,1.042,30.3,8.5,60.2,16.8,3.56,1.8,0.8,,,,MLB
Riley O'Brien,48.0,199,2.06,3.62,1.146,22.6,11.1,53.6,15.2,2.05,1.5,0.4,,,,MLB
Isaac Mattson,47.2,198,2.45,3.66,1.133,22.7,9.6,26.5,32.6,2.37,1.5,0.8,,,,MLB
Lou Trivino,47.2,207,3.97,4.73,1.343,17.9,8.7,32.9,29.5,2.06,0.1,1.1,,,,MLB
Matt Brash,47.1,199,2.47,3.05,1.246,29.1,9.0,52.9,16.5,3.22,1.0,0.8,,,,MLB
Emmanuel Clase,47.1,201,3.23,2.71,1.225,23.4,6.0,46.4,21.7,3.92,0.7,0.4,,,,MLB
David Morgan,47.1,193,2.66,3.71,1.225,25.9,11.9,44.9,21.2,2.17,1.2,0.8,,,,MLB
Bryse Wilson,47.1,224,6.65,6.31,1.817,12.5,8.5,32.8,29.9,1.47,-0.7,2.1,,,,MLB
Connor Brogdon,47.0,199,5.55,5.24,1.34,24.6,9.0,30.3,34.8,2.72,-0.2,2.1,,,,MLB
Trevor Megill,47.0,192,2.49,2.5,1.128,31.3,8.9,38.3,26.1,3.53,1.5,0.6,,,,MLB
Shohei Ohtani,47.0,188,2.87,1.9,1.043,33.0,4.8,41.0,26.5,6.89,1.1,0.6,,,,MLB
Dietrich Enns*,46.1,200,4.08,3.68,1.403,24.5,7.5,39.0,19.1,3.27,0.4,1.2,,,,MLB
Mason Montgomery*,46.0,209,5.67,3.92,1.652,30.1,12.9,41.5,24.6,2.33,-0.9,1.2,,,,MLB
Kaleb Ort,46.0,194,4.89,5.03,1.348,25.3,13.9,41.4,31.9,1.81,-0.1,1.6,,,,MLB
Shelby Miller,46.0,186,2.74,3.44,1.043,29.0,8.1,33.6,29.2,3.6,1.5,1.0,,,,MLB
Steven Cruz,45.2,189,3.74,4.14,1.182,20.1,9.5,38.6,27.3,2.11,0.4,1.0,,,,MLB
Troy Melton,45.2,180,2.76,4.6,1.007,20.0,8.3,43.0,28.9,2.4,1.0,1.4,,,,MLB
Carlos Carrasco,45.2,212,7.09,5.61,1.708,16.0,8.0,34.8,29.8,2.0,-0.8,2.0,,,,MLB
Richard Fitts,45.0,195,5.0,5.8,1.311,20.5,8.2,42.5,27.6,2.5,-0.3,2.2,,,,MLB
Chase Shugart,45.0,181,3.4,4.69,1.111,17.1,9.4,33.3,28.0,1.82,0.7,1.2,,,,MLB
Mason Englert,44.2,185,3.83,3.14,1.209,23.8,5.9,40.6,24.2,4.0,0.3,0.8,,,,MLB
Ben Lively,44.2,178,3.22,4.59,1.187,16.3,8.4,30.6,38.1,1.93,0.8,1.2,,,,MLB
Jonathan Bowlan,44.1,180,3.86,3.97,1.218,25.6,9.4,47.9,24.8,2.71,0.2,1.2,,,,MLB
AJ Smith-Shawver,44.1,192,3.86,3.9,1.421,21.9,10.9,35.2,30.5,2.0,0.4,0.8,,,,MLB
Scott Blewett,44.1,194,5.48,5.48,1.421,18.0,9.3,47.1,28.6,1.94,-0.2,1.8,,,,MLB
Chris Flexen,43.2,178,3.09,5.04,1.145,12.4,6.7,34.7,29.9,1.83,0.4,1.4,,,,MLB
Chad Green,43.2,190,5.56,6.73,1.466,18.4,6.8,33.6,35.0,2.69,-0.5,2.9,,,,MLB
Tanner Houck,43.2,203,8.04,6.16,1.695,15.8,8.4,49.0,21.5,1.88,-1.4,2.1,,,,MLB
Caleb Boushley,43.1,193,6.02,3.85,1.569,21.2,7.3,39.7,20.6,2.93,-1.0,1.0,,,,MLB
Chase Burns,43.1,188,4.57,2.65,1.315,35.6,8.5,35.2,29.5,4.19,0.2,1.0,,,,MLB
Carlos Hernández,43.1,203,6.23,4.2,1.662,19.2,10.8,32.1,33.6,1.77,-0.4,0.8,,,,MLB
Gordon Graceffo,43.0,193,6.28,2.93,1.465,20.7,6.7,45.7,20.3,3.08,-0.8,0.4,,,,MLB
Kyle Hart*,43.0,179,5.86,5.18,1.186,20.7,7.3,30.7,39.4,2.85,-0.4,1.9,,,,MLB
Danny Coulombe*,43.0,176,2.3,3.3,1.163,24.4,10.2,39.1,25.2,2.39,1.4,0.6,,,,MLB
Tim Herrin*,42.2,194,4.85,5.08,1.57,23.2,15.5,40.7,29.2,1.5,-0.2,1.1,,,,MLB
Jordan Romano,42.2,187,8.23,5.39,1.453,25.1,9.1,37.5,31.7,2.76,-1.7,2.1,,,,MLB
Génesis Cabrera*,42.2,187,6.54,6.56,1.5,18.7,9.6,39.4,33.3,1.94,-0.8,2.5,,,,MLB
Elvis Alvarado,42.1,183,3.19,4.32,1.323,27.3,12.0,39.4,30.3,2.27,0.6,1.3,,,,MLB
Landon Knack,42.1,185,4.89,5.71,1.394,22.7,10.3,31.1,32.8,2.21,-0.1,2.1,,,,MLB
Chris Martin,42.1,174,2.98,3.58,1.205,24.7,4.6,43.4,27.9,5.38,-0.1,1.3,,,,MLB
Ryan Rolison*,42.1,193,7.02,6.75,1.772,13.0,10.4,47.3,26.4,1.25,-0.3,2.3,,,,MLB
Trent Thornton,42.1,180,4.68,4.74,1.299,17.8,7.8,43.1,24.6,2.29,-0.1,1.3,,,,MLB
Eric Orze,41.2,178,3.02,4.05,1.368,22.5,10.7,38.8,20.7,2.11,0.6,0.9,,,,MLB
Cole Winn,41.2,162,1.51,3.9,0.96,21.6,10.5,46.2,28.3,2.06,1.1,0.6,,,,MLB
Max Lazar,41.1,170,4.79,4.95,1.282,15.3,7.1,36.4,25.0,2.17,0.3,1.5,,,,MLB
Ryan Pressly,41.1,182,4.35,5.05,1.524,15.4,9.3,51.5,18.7,1.65,-0.6,1.3,,,,MLB
Ryan Thompson,41.1,175,3.92,3.74,1.331,20.6,7.4,49.2,21.0,2.77,0.3,0.9,,,,MLB
Kirby Yates,41.1,178,5.23,4.76,1.331,29.2,9.6,29.6,35.2,3.06,-0.5,2.0,,,,MLB
Kody Funderburk*,41.0,183,3.51,3.36,1.512,21.9,9.8,52.5,21.3,2.22,0.8,0.4,,,,MLB
Shane Bieber,40.1,159,3.57,4.47,1.017,23.3,4.4,49.1,25.4,5.29,0.7,1.8,,,,MLB
Sam Long*,40.1,189,5.36,5.54,1.736,17.5,11.6,40.9,28.0,1.5,-0.7,1.6,,,,MLB
Johan Oviedo,40.1,170,3.57,4.92,1.215,24.7,13.5,31.4,34.3,1.83,0.8,1.3,,,,MLB
Ian Hamilton,40.0,166,4.28,4.39,1.25,25.3,13.3,37.0,28.0,1.91,0.2,1.1,,,,MLB
Seth Halvorsen,39.2,173,4.99,5.2,1.563,20.8,12.1,51.7,22.4,1.71,0.2,1.6,,,,MLB
Kevin Kelly,39.2,171,5.9,5.66,1.361,20.5,5.3,44.1,24.4,3.89,-0.9,2.5,,,,MLB
Michael Kelly,39.2,166,3.18,4.83,1.286,17.5,11.4,41.0,31.6,1.53,0.7,1.1,,,,MLB
Parker Messick*,39.2,165,2.72,2.98,1.311,23.0,3.6,48.8,20.7,6.33,1.2,0.9,,,,MLB
Marcus Stroman,39.0,175,6.23,5.19,1.538,14.9,9.1,47.3,28.2,1.63,-0.3,1.4,,,,MLB
Mick Abel,39.0,174,6.23,5.11,1.513,22.4,9.2,37.3,33.9,2.44,-0.2,1.8,,,,MLB
Paul Blackburn,39.0,175,6.23,4.39,1.513,19.4,6.9,43.8,22.7,2.83,-0.5,1.4,,,,MLB
Anthony DeSclafani,38.2,169,5.12,6.29,1.267,21.3,7.1,42.2,29.3,3.0,-0.1,2.6,,,,MLB
DL Hall*,38.2,155,3.49,3.73,1.06,17.4,11.0,36.9,28.8,1.59,0.6,0.5,,,,MLB
Frankie Montas,38.2,178,6.28,5.33,1.603,18.0,7.9,40.5,28.2,2.29,-0.6,1.9,,,,MLB
Shinnosuke Ogasawara*,38.2,173,6.98,6.16,1.552,17.3,9.8,36.6,33.3,1.76,-0.5,2.1,,,,MLB
Jack Perkins,38.2,161,4.19,4.12,1.164,23.0,11.2,41.3,32.7,2.06,0.5,0.9,,,,MLB
Joey Lucchesi*,38.1,165,3.76,3.97,1.226,18.8,7.3,51.7,20.8,2.58,0.4,0.9,,,,MLB
Ryan Weathers*,38.1,166,3.99,4.6,1.278,22.3,7.2,44.0,33.6,3.08,0.6,1.6,,,,MLB
Kyle Nicolas,38.0,167,4.74,3.95,1.368,20.4,10.8,40.7,26.5,1.89,0.0,0.7,,,,MLB
Lyon Richardson,37.2,172,4.54,4.07,1.54,17.4,12.2,53.8,20.2,1.43,-0.2,0.5,,,,MLB
Brock Stewart,37.2,159,2.63,3.19,1.195,27.7,8.2,36.7,32.7,3.38,1.3,0.7,,,,MLB
Chase Lee,37.1,148,4.1,4.53,1.098,24.3,6.1,35.6,33.7,4.0,0.2,1.7,,,,MLB
Javier Assad,37.0,153,3.65,4.24,1.216,15.0,7.8,46.5,20.2,1.92,0.4,0.7,,,,MLB
Daysbel Hernández,37.0,164,3.41,5.0,1.541,20.1,18.3,43.4,28.3,1.1,0.4,0.7,,,,MLB
Cristian Javier,37.0,157,4.62,3.65,1.27,21.7,9.6,31.8,31.8,2.27,0.1,0.7,,,,MLB
Max Kranick,37.0,148,3.65,3.95,1.054,16.9,3.4,35.6,28.8,5.0,0.4,1.2,,,,MLB
John Curtiss,36.2,141,3.93,4.01,0.927,17.0,3.5,28.6,31.3,4.8,0.4,1.2,,,,MLB
George Soriano,36.2,173,8.35,6.44,1.773,20.8,11.0,44.3,23.5,1.89,-1.0,2.5,,,,MLB
Grant Taylor,36.2,157,4.91,1.42,1.418,34.4,9.6,47.7,17.0,3.6,0.0,0.0,,,,MLB
Roki Sasaki,36.1,161,4.46,5.81,1.431,17.4,13.7,38.9,31.5,1.27,0.3,1.5,,,,MLB
Jake Woodford,36.1,170,6.44,4.26,1.596,13.5,7.6,43.5,22.9,1.77,-0.8,0.7,,,,MLB
Tony Gonsolin,36.0,157,5.0,6.02,1.417,24.2,11.5,38.8,31.6,2.11,0.0,2.3,,,,MLB
Carson Seymour,36.0,156,4.75,6.11,1.389,16.7,8.3,49.1,24.1,2.0,-0.2,2.3,,,,MLB
Yerry De los Santos,35.2,160,3.28,3.44,1.514,17.5,10.6,54.4,11.4,1.65,0.3,0.3,,,,MLB
Kyle Harrison*,35.2,156,4.04,3.72,1.374,24.4,9.0,36.9,26.2,2.71,0.5,1.0,,,,MLB
Spencer Arrighetti,35.1,156,5.35,5.54,1.415,19.9,12.8,37.3,25.5,1.55,0.0,1.5,,,,MLB
Zack Kelly,35.1,152,4.58,3.53,1.33,23.0,7.9,41.2,24.5,2.92,-0.2,0.8,,,,MLB
Dylan Dodd*,35.0,136,3.6,3.79,0.943,22.1,3.7,52.0,24.0,6.0,0.3,1.3,,,,MLB
Ryan Borucki*,35.0,145,4.63,4.25,1.286,22.1,11.0,53.1,15.6,2.0,0.0,1.0,,,,MLB
Félix Bautista,34.2,142,2.6,3.37,1.125,35.2,16.2,50.7,17.4,2.17,1.1,0.8,,,,MLB
Anthony Molina,34.2,160,7.27,6.94,1.673,15.0,3.8,41.3,34.9,4.0,-0.3,3.1,,,,MLB
Chris Murphy*,34.2,148,3.12,5.07,1.183,20.3,13.5,52.7,20.4,1.5,0.5,1.0,,,,MLB
José Fermín,34.1,152,4.46,5.99,1.398,25.7,15.1,31.5,42.7,1.7,-0.1,2.1,,,,MLB
Juan Morillo,34.1,152,4.19,3.63,1.689,23.7,13.2,48.4,13.7,1.8,0.2,0.5,,,,MLB
Carson Palmquist*,34.1,175,8.91,7.8,2.039,15.4,14.3,30.8,35.8,1.08,-0.8,2.6,,,,MLB
Nestor Cortes*,34.1,157,6.29,8.29,1.631,18.5,12.7,33.0,39.6,1.45,-0.2,3.4,,,,MLB
Rico Garcia,34.1,142,3.15,3.69,1.194,26.8,7.0,46.8,24.5,3.8,0.8,1.3,,,,MLB
Nabil Crismatt,34.0,153,3.71,4.84,1.441,16.3,5.9,43.2,24.6,2.78,0.2,1.6,,,,MLB
Justin Slaten,34.0,137,4.24,3.69,1.088,18.2,7.3,41.2,27.5,2.5,-0.2,0.8,,,,MLB
Thomas Hatch,34.0,152,5.82,6.02,1.676,14.5,11.2,44.2,30.1,1.29,-0.2,1.9,,,,MLB
Travis Adams,33.2,158,7.49,5.39,1.663,19.6,10.8,32.1,32.1,1.82,-0.9,1.6,,,,MLB
Shawn Dubin,33.2,145,5.08,4.95,1.426,19.3,7.6,49.0,20.2,2.55,-0.2,1.6,,,,MLB
Andrew Chafin*,33.2,143,2.41,3.46,1.426,25.2,13.3,45.5,21.6,1.89,0.8,0.5,,,,MLB
Alek Jacob,33.1,153,5.13,5.9,1.5,15.0,9.2,38.2,28.2,1.64,-0.2,1.6,,,,MLB
Yohan Ramírez,33.1,155,5.4,3.8,1.47,29.0,10.3,37.8,28.9,2.81,-0.6,1.1,,,,MLB
Porter Hodge,33.0,147,6.27,5.89,1.576,27.2,12.2,38.2,31.5,2.22,-0.9,2.5,,,,MLB
Caden Dana,32.1,141,6.4,6.48,1.485,23.4,12.8,40.4,33.7,1.83,-0.4,2.5,,,,MLB
Gunnar Hoglund,32.1,139,6.4,6.75,1.515,16.5,7.9,41.0,33.3,2.09,-0.2,2.8,,,,MLB
AJ Blubaugh,32.0,124,1.69,4.42,0.875,28.2,8.9,33.3,38.5,3.18,0.8,1.7,,,,MLB
Kyle Bradish,32.0,126,2.53,2.45,1.031,37.3,7.9,33.8,23.5,4.7,1.2,0.8,,,,MLB
Hayden Wesneski,32.0,131,4.5,4.82,1.094,22.1,4.6,35.8,27.4,4.83,0.3,2.0,,,,MLB
José Castillo*,32.0,149,3.94,4.57,1.688,20.1,9.4,54.5,22.8,2.14,0.2,1.1,,,,MLB
Tommy Nance,31.2,126,1.99,1.87,1.011,25.4,5.6,52.3,18.6,4.57,0.6,0.0,,,,MLB
Zach Agnos,31.1,138,6.61,5.63,1.532,13.8,12.3,39.2,32.4,1.12,-0.4,1.4,,,,MLB
Bubba Chandler,31.1,124,4.02,2.66,0.926,25.0,3.2,46.5,22.1,7.75,0.4,0.6,,,,MLB
Sawyer Gipson-Long,31.1,133,7.18,5.56,1.277,19.5,4.5,40.4,29.3,4.33,-0.9,2.3,,,,MLB
Brandon Waddell*,31.1,134,3.45,4.54,1.277,16.4,8.2,39.0,34.0,2.0,0.3,1.1,,,,MLB
Cam Booser*,31.0,143,5.52,6.27,1.516,24.5,13.3,28.7,34.5,1.84,-0.5,2.3,,,,MLB
Nic Enright,31.0,127,2.03,3.81,1.161,23.6,9.4,33.7,30.1,2.5,1.0,0.9,,,,MLB
Matt Gage*,31.0,137,3.19,2.75,1.516,19.7,8.8,49.0,17.7,2.25,0.4,0.0,,,,MLB
Josh Simpson*,30.2,151,7.34,5.35,1.826,23.8,14.6,53.9,18.0,1.64,-1.2,1.5,,,,MLB
Ryan Feltner,30.1,135,4.75,4.39,1.484,18.5,8.9,46.9,28.6,2.08,0.6,1.2,,,,MLB
Ryan Fernandez,30.1,140,7.71,5.15,1.714,24.3,11.4,46.1,30.3,2.13,-1.1,1.8,,,,MLB
Manuel Rodríguez,30.1,121,2.08,3.04,1.055,20.7,5.0,58.4,13.5,4.17,0.8,0.6,,,,MLB
Adam Mazur,30.0,139,4.8,4.9,1.5,13.7,8.6,43.0,29.0,1.58,-0.2,1.2,,,,MLB
Erik Miller*,30.0,128,1.5,3.97,1.467,17.2,15.6,45.8,19.3,1.1,1.6,0.0,,,,MLB
Pierson Ohl,30.0,133,5.1,4.2,1.5,20.3,5.3,34.3,23.2,3.86,-0.3,1.5,,,,MLB
Jonathan Loáisiga,29.2,135,4.25,5.83,1.483,18.5,7.4,50.0,20.8,2.5,0.2,2.1,,,,MLB
Matt Sauer,29.2,129,6.37,5.16,1.449,18.6,6.2,41.1,24.2,3.0,-0.7,1.8,,,,MLB
Kai-Wei Teng,29.2,139,6.37,3.81,1.551,28.1,12.2,39.5,28.9,2.29,-0.5,0.6,,,,MLB
Carson Fulmer,29.1,123,5.83,4.7,1.227,21.1,8.9,41.9,29.1,2.36,0.0,1.5,,,,MLB
Jaden Hill,29.1,129,3.38,3.44,1.33,24.0,9.3,43.4,25.3,2.58,0.5,0.6,,,,MLB
Erik Sabrowski*,29.1,121,1.84,3.61,1.193,34.7,17.4,27.3,23.6,2.0,0.8,0.6,,,,MLB
Dan Altavilla,29.0,120,2.48,5.45,1.172,17.5,12.5,50.0,17.5,1.4,0.8,1.2,,,,MLB
Andrew Saalfrank*,29.0,113,1.24,3.31,1.0,16.8,8.8,45.2,28.6,1.9,1.6,0.3,,,,MLB
Eduardo Salazar,29.0,150,8.38,6.45,2.172,15.3,10.7,49.1,21.8,1.44,-0.8,2.2,,,,MLB
JT Brubaker,28.2,117,3.77,2.96,1.221,18.8,10.3,42.7,18.3,1.83,0.3,0.0,,,,MLB
Konnor Pilkington*,28.1,123,4.45,5.96,1.376,27.6,13.8,27.1,37.1,2.0,-0.1,2.2,,,,MLB
Tayler Scott,27.1,134,7.9,6.32,1.902,17.9,13.4,41.8,25.3,1.33,-1.0,2.0,,,,MLB
Sean Reynolds,27.0,117,5.33,5.43,1.37,21.4,14.5,30.6,33.3,1.47,-0.1,1.3,,,,MLB
Blake Treinen,26.2,129,5.4,4.75,1.838,27.9,14.7,34.7,30.6,1.89,-0.6,1.4,,,,MLB
Grant Wolfram*,26.2,133,5.4,3.59,1.875,23.3,11.3,50.0,18.6,2.07,-0.4,0.7,,,,MLB
Héctor Neris,26.2,124,6.75,5.35,1.688,28.2,12.9,25.0,34.7,2.19,-0.8,2.0,,,,MLB
Collin Snider,26.1,119,5.47,3.71,1.443,20.2,5.0,39.1,24.1,4.0,-0.7,1.0,,,,MLB
Kade Strowd,26.1,105,1.71,3.4,1.101,22.9,12.4,56.7,20.9,1.85,0.9,0.3,,,,MLB
Joel Payamps,26.1,117,6.84,4.54,1.519,20.5,7.7,31.7,40.2,2.67,-0.6,1.4,,,,MLB
José Alvarado*,26.0,114,3.81,3.6,1.308,28.1,6.1,44.6,20.3,4.57,0.4,1.4,,,,MLB
Ryan Brasier,26.0,105,4.5,3.17,1.231,19.0,4.8,40.0,22.5,4.0,-0.2,0.7,,,,MLB
Connor Gillispie,26.0,123,8.65,5.75,1.654,18.7,8.9,36.4,27.3,2.09,-0.8,2.1,,,,MLB
McCade Brown,25.2,126,7.36,6.95,1.831,18.3,13.5,34.6,27.2,1.35,-0.2,2.1,,,,MLB
Kevin Ginkel,25.2,121,7.36,3.64,1.636,24.0,10.7,42.9,28.6,2.23,-0.8,0.7,,,,MLB
宋晟睿,1,5,0.0,3.122,2.0,0.0,0.0,60.0,20.0,,,,16.7,37.5,,CPBL
德保拉,"52, 1/3",215,2.752,2.511,1.146,15.3,2.3,52.0,33.7,6.652173913043479,,,14.3,50.6,30.0,CPBL
王奕凱,"2, 2/3",20,13.5,4.247,4.125,15.0,15.0,21.4,42.9,1.0,,,20.7,40.3,37.5,CPBL
江忠城,"17, 1/3",68,0.519,3.353,0.808,14.7,10.3,42.0,28.0,1.4271844660194173,,,21.4,42.7,41.7,CPBL
李振昌,40,163,3.375,4.147,1.2,20.2,8.0,34.5,44.8,2.525,,,19.6,45.8,38.8,CPBL
伍立辰,"25, 1/3",99,2.842,4.425,1.026,15.2,8.1,40.8,46.1,1.876543209876543,,,15.9,47.9,32.6,CPBL
陳冠穎,"31, 1/3",141,6.032,5.452,1.596,14.2,9.9,47.6,33.3,1.4343434343434343,,,20.1,48.1,31.3,CPBL
黃博多,123,526,3.146,3.431,1.374,18.3,6.5,44.8,35.1,2.8153846153846156,,,19.3,50.3,35.7,CPBL
黃恩賜,27,107,1.333,2.974,1.111,20.6,7.5,39.5,36.8,2.746666666666667,,,24.0,47.2,52.4,CPBL
王凱程,49,212,3.673,4.0,1.327,11.3,4.2,41.7,37.1,2.6904761904761907,,,14.8,48.7,26.7,CPBL
呂彥青,"36, 2/3",173,5.645,3.504,1.609,16.8,4.6,42.1,34.6,3.6521739130434785,,,17.0,45.8,38.7,CPBL
蔡齊哲,45,179,2.4,3.966,1.133,9.5,5.6,35.8,47.7,1.6964285714285716,,,11.4,48.0,25.4,CPBL
鄭凱文,"53, 2/3",243,7.043,4.575,1.602,11.5,2.9,41.5,36.6,3.9655172413793105,,,16.8,48.6,25.9,CPBL
陳琥,"45, 2/3",202,4.336,4.786,1.336,12.4,11.4,40.5,35.8,1.087719298245614,,,17.5,45.6,28.4,CPBL
羅戈,"156, 1/3",622,1.842,2.284,1.043,22.8,5.6,45.4,37.0,4.071428571428572,,,25.9,49.4,42.5,CPBL
盧孟揚,"38, 2/3",168,4.655,6.251,1.448,10.7,11.3,36.7,37.5,0.9469026548672566,,,21.5,45.2,24.7,CPBL
勝騎士,"23, 1/3",89,1.543,1.579,0.814,29.2,0.0,38.7,33.9,inf,,,26.6,55.6,49.1,CPBL
謝榮豪,25,121,6.12,5.442,1.88,9.1,14.0,31.5,48.9,0.65,,,19.4,44.0,17.7,CPBL
楊志龍,"5, 2/3",26,4.765,4.887,1.765,23.1,11.5,41.2,47.1,2.008695652173913,,,15.0,36.7,46.2,CPBL
魏碩成,"58, 2/3",262,3.375,3.702,1.415,16.8,9.9,59.7,26.3,1.696969696969697,,,17.2,41.4,32.8,CPBL
陳柏均,"2, 2/3",20,10.125,9.122,3.75,5.0,25.0,69.2,23.1,0.2,,,13.8,36.3,14.3,CPBL
彭識穎,"2, 1/3",14,19.286,13.408,3.0,7.1,0.0,46.2,38.5,inf,,,9.1,52.4,25.0,CPBL
鄭浩均,"54, 1/3",207,1.491,3.122,0.902,21.3,9.7,44.9,38.4,2.195876288659794,,,20.3,45.0,42.3,CPBL
李博登,"83, 1/3",335,1.944,2.798,1.188,16.4,5.4,49.0,31.8,3.0370370370370368,,,16.1,46.7,34.2,CPBL
吳俊偉,"20, 1/3",82,2.656,3.565,1.18,19.5,6.1,57.4,31.1,3.19672131147541,,,22.5,49.2,42.1,CPBL
柯威士,"7, 2/3",46,15.261,3.644,3.261,15.2,13.0,48.5,24.2,1.169230769230769,,,26.0,49.0,26.9,CPBL
林暉盛,22,91,2.864,3.713,1.136,13.2,6.6,35.2,46.5,2.0,,,19.2,51.0,27.9,CPBL
韋禮加,"19, 1/3",79,3.724,2.346,1.241,11.4,1.3,47.8,43.5,8.76923076923077,,,10.7,45.2,25.7,CPBL
游竣宥,"2, 2/3",9,0.0,1.997,0.375,33.3,11.1,80.0,20.0,3.0,,,23.1,32.5,60.0,CPBL
馮皓,"0, 1/3",5,81.0,45.122,9.0,20.0,20.0,33.3,33.3,1.0,,,33.3,37.5,100.0,CPBL
余謙,2,8,4.5,3.622,1.0,12.5,12.5,50.0,33.3,1.0,,,15.0,55.6,16.7,CPBL
艾速特,"141, 1/3",564,2.229,2.98,1.09,22.0,5.3,45.0,35.3,4.150943396226415,,,21.3,47.2,40.9,CPBL
張誠恩,40,170,4.05,4.197,1.4,14.7,10.0,40.9,37.8,1.47,,,17.8,41.7,30.9,CPBL
黃群,25,111,5.04,3.802,1.64,21.6,11.7,55.4,27.0,1.8461538461538465,,,22.6,45.0,46.2,CPBL
伍祐城,40,188,4.725,3.322,1.525,22.3,8.0,55.6,25.0,2.7875,,,22.8,44.4,40.0,CPBL
陳柏清,"62, 2/3",272,3.016,4.095,1.261,13.2,9.2,45.0,40.2,1.434782608695652,,,16.9,47.1,29.3,CPBL
黃紹睿,"25, 2/3",116,4.558,3.784,1.636,16.4,11.2,45.8,39.8,1.4642857142857142,,,20.0,45.8,36.5,CPBL
王躍霖,"16, 1/3",66,2.755,3.428,1.041,15.2,6.1,32.7,46.2,2.4918032786885247,,,15.3,47.8,31.3,CPBL
石萬金,"75, 2/3",354,5.115,4.695,1.652,15.5,7.9,45.5,33.1,1.9620253164556962,,,18.2,47.6,30.4,CPBL
王柏傑,"0, 2/3",5,0.0,21.122,6.0,0.0,80.0,100.0,0.0,0.0,,,50.0,15.4,0.0,CPBL
施子謙,39,152,2.538,3.019,0.949,19.1,1.3,46.6,34.7,14.692307692307693,,,18.4,50.4,38.2,CPBL
後勁,"152, 1/3",608,1.891,2.964,1.142,17.9,6.3,58.1,24.1,2.841269841269841,,,18.5,45.8,34.6,CPBL
林詩翔,"60, 1/3",243,1.79,3.139,1.077,22.2,7.8,46.5,31.8,2.8461538461538463,,,27.3,48.8,40.3,CPBL
江承諺,110,476,4.255,3.795,1.327,13.4,6.3,39.7,42.4,2.126984126984127,,,13.6,46.7,30.5,CPBL
陳宇宏,"20, 1/3",91,6.197,5.433,1.574,11.0,4.4,40.8,36.8,2.5,,,12.6,49.9,24.4,CPBL
謝葆錡,"10, 2/3",44,4.219,4.059,1.219,13.6,4.5,37.1,51.4,3.022222222222222,,,25.6,51.2,35.3,CPBL
陳正毅,"2, 2/3",13,0.0,2.747,1.875,15.4,7.7,30.0,20.0,2.0,,,17.9,49.1,25.0,CPBL
吉田一将,67,294,5.104,2.301,1.418,18.4,2.4,40.7,36.4,7.666666666666666,,,21.6,49.1,35.3,CPBL
許育銘,43,174,2.721,3.541,1.163,19.0,7.5,35.7,42.9,2.533333333333333,,,17.8,44.9,39.3,CPBL
黃子豪,"32, 1/3",159,7.794,3.895,1.918,20.1,10.7,42.5,35.8,1.8785046728971966,,,17.3,48.3,41.6,CPBL
許峻暘,1,9,27.0,10.122,6.0,11.1,33.3,80.0,20.0,0.33333333333333337,,,18.2,25.6,20.0,CPBL
曾奕翔,"5, 2/3",27,7.941,5.24,1.941,22.2,25.9,23.1,61.5,0.8571428571428572,,,19.1,37.3,42.9,CPBL
黃勃睿,5,19,3.6,5.922,1.0,5.3,5.3,41.2,35.3,1.0,,,10.0,46.2,16.7,CPBL
楊達翔,8,38,3.375,6.997,1.5,15.8,21.1,63.6,31.8,0.7488151658767772,,,10.0,33.8,40.0,CPBL
李欣穎,4,18,6.75,1.622,1.5,33.3,11.1,50.0,50.0,3.0,,,30.0,39.5,66.7,CPBL
櫻井周斗,22,93,2.455,5.167,1.227,14.0,14.0,36.9,44.6,1.0,,,15.8,35.1,31.7,CPBL
那瑪夏,"34, 1/3",149,4.194,3.268,1.34,18.8,9.4,41.0,41.9,2.0,,,21.6,47.3,35.9,CPBL
韋宏亮,"12, 1/3",55,2.189,5.149,1.622,7.3,18.2,55.0,37.5,0.4010989010989011,,,13.4,38.5,14.3,CPBL
鋼龍,146,602,2.774,2.999,1.178,19.9,6.6,48.6,32.0,3.015151515151515,,,23.0,47.6,38.5,CPBL
林子昱,50,203,2.34,3.982,1.1,15.8,4.9,36.9,42.0,3.2244897959183674,,,17.6,48.8,34.0,CPBL
陳禹勳,"28, 2/3",129,4.081,4.343,1.5,14.0,9.3,45.8,37.5,1.5053763440860215,,,19.6,44.6,32.1,CPBL
陳冠偉,"45, 2/3",183,3.547,3.823,1.073,16.4,12.0,35.9,39.7,1.3666666666666665,,,16.3,44.8,35.7,CPBL
龍聖,"109, 2/3",454,3.119,3.76,1.176,17.8,9.0,45.1,37.7,1.9777777777777779,,,16.2,42.8,36.3,CPBL
郭郁政,"36, 2/3",169,4.664,4.267,1.582,10.7,7.1,40.6,39.9,1.5070422535211268,,,11.6,52.6,23.1,CPBL
林凱威,33,147,3.818,3.789,1.485,17.7,9.5,46.7,27.6,1.8631578947368421,,,17.4,47.6,31.7,CPBL
艾璞樂,115,468,3.209,3.948,1.122,15.4,4.9,45.1,34.6,3.142857142857143,,,17.3,48.6,33.0,CPBL
伍鐸,"106, 2/3",445,2.362,3.497,1.266,7.6,3.8,53.4,24.0,2.0,,,11.8,48.5,19.2,CPBL
李超,"31, 1/3",134,2.872,4.016,1.34,13.4,9.7,54.5,30.3,1.3814432989690724,,,16.2,44.7,26.9,CPBL
王定穎,"12, 1/3",56,4.378,4.581,1.378,19.6,10.7,66.7,25.0,1.8317757009345796,,,25.6,39.8,32.4,CPBL
趙璟榮,"17, 2/3",76,0.509,4.141,1.189,21.1,10.5,48.1,36.5,2.0095238095238095,,,21.8,45.2,43.2,CPBL
王維中,"30, 1/3",139,6.527,4.342,1.747,10.1,9.4,35.7,39.3,1.0744680851063828,,,12.6,46.4,18.7,CPBL
呂偉晟,"18, 2/3",86,5.786,5.211,1.554,9.3,14.0,57.8,21.9,0.6642857142857144,,,12.9,45.1,20.0,CPBL
林鋅杰,"10, 2/3",51,5.063,3.309,1.781,15.7,11.8,35.1,32.4,1.330508474576271,,,14.1,39.4,40.0,CPBL
鑀龍,"27, 2/3",120,3.253,2.869,1.446,23.3,9.2,50.0,38.8,2.5326086956521743,,,24.9,44.1,47.5,CPBL
曹祐齊,"56, 2/3",236,3.653,4.004,1.306,11.0,7.2,40.7,37.0,1.5277777777777777,,,14.4,40.2,26.8,CPBL
徐若熙,114,429,2.053,2.175,0.807,28.0,3.3,41.7,43.8,8.484848484848484,,,27.0,56.3,43.8,CPBL
吳俊杰,21,89,3.0,6.312,1.19,15.7,9.0,38.5,43.1,1.7444444444444445,,,17.6,46.4,41.2,CPBL
張景淯,"4, 2/3",26,3.857,6.122,1.5,19.2,19.2,38.5,53.8,1.0,,,17.5,37.7,41.7,CPBL
李承風,"0, 1/3",7,135.0,21.122,15.0,0.0,28.6,40.0,20.0,0.0,,,10.0,37.0,0.0,CPBL
羅華韋,"0, 2/3",5,13.5,3.122,4.5,0.0,0.0,80.0,20.0,,,,0.0,47.1,0.0,CPBL
張鈞守,"7, 1/3",32,1.227,3.258,1.5,21.9,15.6,35.0,35.0,1.4038461538461537,,,23.3,46.5,31.8,CPBL
鎛銳,"17, 2/3",76,3.566,4.707,1.415,14.5,10.5,38.6,24.6,1.380952380952381,,,17.2,43.8,31.4,CPBL
黃暐傑,8,43,7.875,4.122,2.0,18.6,14.0,25.9,48.1,1.3285714285714287,,,19.0,44.1,32.0,CPBL
陳志杰,2,8,0.0,2.122,1.0,12.5,0.0,14.3,42.9,inf,,,0.0,32.1,50.0,CPBL
李致霖,2,7,0.0,1.622,0.5,42.9,14.3,33.3,66.7,2.9999999999999996,,,40.0,35.7,75.0,CPBL
力亞士,144,623,3.75,3.191,1.264,18.3,5.3,44.4,38.1,3.4528301886792456,,,21.3,48.5,36.3,CPBL
游霆崴,"36, 1/3",156,3.963,3.893,1.514,10.3,4.5,48.9,32.3,2.288888888888889,,,12.3,43.6,28.6,CPBL
廖任磊,"26, 1/3",126,7.177,4.945,1.785,10.3,10.3,38.1,39.2,1.0,,,14.6,44.7,25.5,CPBL
藍愷青,"9, 1/3",41,4.821,3.658,1.607,12.2,12.2,38.7,41.9,1.0,,,16.7,38.6,26.3,CPBL
賴智垣,6,33,6.0,9.622,2.667,12.1,21.2,54.5,31.8,0.5707547169811321,,,14.3,38.3,26.7,CPBL
李吳永勤,"42, 1/3",184,2.764,2.933,1.134,16.8,6.0,44.4,33.3,2.8000000000000003,,,19.7,44.5,30.7,CPBL
張奕,59,265,5.339,2.529,1.508,23.0,5.3,48.9,31.9,4.339622641509434,,,21.0,51.7,42.7,CPBL
林旺熙,"8, 1/3",38,5.4,4.682,1.68,10.5,15.8,37.0,33.3,0.6645569620253164,,,17.3,40.0,28.6,CPBL
富藍戈,"42, 2/3",173,1.898,2.911,1.078,19.7,5.8,40.6,44.5,3.396551724137931,,,20.2,55.2,47.9,CPBL
賴鴻誠,"21, 2/3",93,2.492,4.83,1.523,9.7,15.1,40.0,41.4,0.6423841059602649,,,11.1,42.0,20.9,CPBL
魔力藍,139,583,2.978,3.144,1.252,19.0,7.5,43.0,38.1,2.533333333333333,,,18.9,47.8,38.7,CPBL
曾峻岳,36,149,3.0,3.094,1.194,18.8,8.7,44.9,29.9,2.1609195402298855,,,18.3,48.0,36.8,CPBL
黃保羅,"84, 1/3",377,4.162,4.367,1.458,13.3,9.0,38.8,42.9,1.4777777777777779,,,13.8,46.0,28.1,CPBL
李東洺,"75, 2/3",344,4.52,3.479,1.533,17.7,10.5,44.2,41.3,1.6857142857142857,,,17.4,47.0,34.1,CPBL
張瑞麟,20,95,7.65,4.922,1.6,11.6,11.6,44.9,29.0,1.0,,,18.1,43.6,22.0,CPBL
銳歐,9,40,6.0,5.122,1.444,17.5,2.5,54.8,29.0,7.0,,,21.3,48.7,35.0,CPBL
林栚呈,41,165,1.756,3.122,0.951,13.9,4.8,44.3,36.6,2.8958333333333335,,,17.6,49.3,32.4,CPBL
范柏絜,"6, 2/3",31,8.1,7.772,1.65,22.6,3.2,31.8,36.4,7.0625,,,25.5,42.7,58.3,CPBL
陳鐿中,"6, 1/3",40,14.211,5.017,3.0,0.0,7.5,41.7,30.6,0.0,,,8.2,44.5,0.0,CPBL
王尉永,"10, 2/3",49,2.531,2.934,1.688,14.3,8.2,51.4,40.5,1.7439024390243905,,,10.8,46.1,29.2,CPBL
吳世豪,"25, 2/3",103,1.052,3.512,1.013,17.5,9.7,39.2,45.9,1.8041237113402062,,,18.1,45.5,40.0,CPBL
歐書誠,"2, 2/3",13,3.375,3.872,1.5,15.4,7.7,55.6,11.1,2.0,,,17.4,41.8,33.3,CPBL
岳少華,"5, 2/3",21,0.0,2.769,0.529,19.0,9.5,46.7,40.0,2.0,,,23.1,47.6,40.0,CPBL
陳仕朋,69,313,5.478,4.789,1.623,11.8,7.3,49.2,32.5,1.6164383561643838,,,15.8,45.8,26.6,CPBL
布坎南,"64, 2/3",274,1.948,3.385,1.268,14.2,6.2,59.0,28.3,2.290322580645161,,,17.6,48.1,28.9,CPBL
江國豪,"21, 1/3",106,7.594,4.622,1.969,11.3,9.4,51.2,33.3,1.202127659574468,,,16.8,48.8,25.0,CPBL
王偉軒,4,27,15.75,5.872,3.0,7.4,7.4,30.0,45.0,1.0,,,10.3,39.0,20.0,CPBL
鈴木駿輔,"28, 2/3",126,2.512,3.157,1.326,15.1,9.5,51.1,37.2,1.5894736842105264,,,17.9,40.7,32.2,CPBL
威能帝,170,663,2.012,2.204,0.912,25.3,4.8,45.1,36.7,5.270833333333334,,,26.9,53.7,43.3,CPBL
陳冠宇,"53, 1/3",202,1.688,2.803,0.975,23.3,8.4,50.7,35.5,2.7738095238095237,,,23.0,45.4,46.1,CPBL
黃子鵬,"117, 1/3",521,4.065,3.642,1.449,13.1,4.8,49.4,28.0,2.7291666666666665,,,14.5,49.6,27.4,CPBL
莊昕諺,41,178,5.268,4.707,1.366,7.9,7.9,35.6,36.3,1.0,,,16.4,48.1,19.7,CPBL
王志煊,23,103,3.522,4.513,1.391,10.7,13.6,41.1,38.4,0.7867647058823529,,,10.5,41.0,24.4,CPBL
蘇俊璋,37,160,4.378,4.392,1.459,10.0,5.0,44.4,37.0,2.0,,,15.1,43.8,22.5,CPBL
霸鉧德,"41, 2/3",188,4.752,3.602,1.536,17.6,9.6,46.7,38.5,1.8333333333333335,,,18.1,42.3,31.4,CPBL
呂詠臻,"32, 2/3",141,3.306,4.346,1.194,22.0,12.1,43.8,39.3,1.8181818181818183,,,20.5,43.0,43.1,CPBL
陳柏豪,"41, 2/3",183,3.456,4.754,1.392,14.8,9.8,45.3,38.0,1.510204081632653,,,20.2,44.2,31.4,CPBL
余德龍,2,7,0.0,4.622,1.0,0.0,14.3,50.0,50.0,0.0,,,0.0,50.0,0.0,CPBL
波賽樂,"83, 1/3",374,3.888,4.058,1.488,16.6,8.8,44.0,34.2,1.8863636363636365,,,19.6,47.5,30.7,CPBL
朱承洋,"50, 1/3",193,1.252,1.592,0.954,28.5,5.7,45.7,36.2,5.0,,,30.2,49.8,53.4,CPBL
魔神樂,158,636,2.506,3.059,1.082,15.4,4.9,36.9,41.3,3.142857142857143,,,20.4,50.5,33.4,CPBL
舒治浩,"9, 2/3",48,5.586,5.812,1.966,12.5,8.3,39.5,44.7,1.506024096385542,,,15.1,49.1,31.6,CPBL
邱駿威,34,153,5.294,5.093,1.471,16.3,7.2,48.7,33.0,2.263888888888889,,,20.7,46.9,32.9,CPBL
陳克羿,44,195,3.682,3.417,1.409,18.5,9.7,53.0,22.4,1.907216494845361,,,20.7,42.7,40.4,CPBL
賴胤豪,"41, 1/3",172,2.613,3.799,1.161,15.7,5.2,45.9,39.3,3.019230769230769,,,16.5,47.7,33.8,CPBL
劉家翔,9,44,10.0,6.233,1.667,11.4,4.5,31.4,34.3,2.533333333333333,,,12.7,43.6,25.0,CPBL
曾仁和,18,89,10.0,3.789,2.111,9.0,5.6,40.8,32.9,1.6071428571428572,,,14.6,47.4,18.6,CPBL
黃偉晟,"1, 1/3",13,27.0,15.122,6.0,0.0,7.7,41.7,41.7,0.0,,,0.0,48.6,0.0,CPBL
劉昱言,"5, 1/3",21,1.688,6.684,1.125,0.0,9.5,52.6,42.1,0.0,,,12.5,39.5,0.0,CPBL
林子崴,32,143,3.375,3.216,1.5,13.3,2.8,52.9,22.7,4.750000000000001,,,15.1,46.8,32.8,CPBL
凱樂,"15, 1/3",66,3.522,3.187,1.435,15.2,10.6,28.6,38.8,1.4339622641509433,,,14.3,41.3,32.3,CPBL
王宇翔,1,3,0.0,3.122,1.0,0.0,0.0,100.0,0.0,,,,0.0,50.0,,CPBL
曾家輝,4,14,0.0,1.872,0.25,28.6,0.0,33.3,55.6,inf,,,20.7,51.8,50.0,CPBL
盧冠宇,1,3,0.0,3.122,0.0,0.0,0.0,66.7,33.3,,,,0.0,62.5,0.0,CPBL
林祖傑,"0, 1/3",1,0.0,-2.878,0.0,100.0,0.0,0.0,0.0,inf,,,,0.0,100.0,CPBL
布雷克,122,518,4.131,3.155,1.311,17.2,4.6,40.2,37.5,3.739130434782609,,,17.5,48.8,33.6,CPBL
林子崴,"11, 1/3",52,3.971,4.71,1.588,5.8,11.5,58.5,19.5,0.5043478260869565,,,13.2,44.0,11.5,CPBL
鄭鈞仁,"12, 2/3",62,7.105,5.49,2.132,8.1,14.5,43.8,29.2,0.5586206896551724,,,15.5,41.3,22.7,CPBL
邱浩鈞,"8, 1/3",36,2.16,4.082,1.68,13.9,13.9,48.0,28.0,1.0,,,17.5,46.0,31.3,CPBL
劉軒荅,"15, 1/3",66,5.283,3.318,1.239,9.1,7.6,38.2,41.8,1.1973684210526316,,,12.9,46.3,26.1,CPBL
梅賽斯,84,335,2.571,2.467,1.06,17.3,4.2,54.8,27.6,4.119047619047619,,,17.3,47.9,32.2,CPBL
髙塩將樹,"65, 2/3",258,1.645,2.513,0.959,22.5,7.8,44.1,38.5,2.8846153846153846,,,24.1,45.8,40.3,CPBL
黃竣彥,"15, 2/3",71,4.021,3.888,1.723,11.3,7.0,44.8,24.1,1.6142857142857143,,,9.2,42.2,34.8,CPBL
陳韻文,"47, 2/3",210,2.455,3.605,1.385,18.1,8.6,39.5,34.9,2.104651162790698,,,18.9,51.9,31.4,CPBL
蒙德茲,"120, 2/3",537,3.506,3.561,1.392,18.1,9.3,48.8,32.0,1.946236559139785,,,21.3,44.8,36.1,CPBL
王鏡銘,34,144,2.912,2.74,1.324,19.4,6.9,35.8,32.1,2.8115942028985503,,,19.2,44.9,41.2,CPBL
胡智爲,"90, 1/3",387,4.085,4.041,1.395,14.5,6.2,35.5,38.8,2.338709677419355,,,16.2,48.7,30.9,CPBL
姚杰宏,"13, 2/3",64,6.585,4.805,1.756,10.9,7.8,42.9,36.7,1.3974358974358976,,,17.1,44.1,24.1,CPBL
林詔恩,55,228,2.618,3.777,1.345,12.3,9.2,50.6,31.5,1.3369565217391306,,,17.0,43.8,27.5,CPBL
飛力獅,"127, 1/3",504,1.908,2.934,1.06,18.8,6.7,48.0,32.6,2.8059701492537314,,,21.8,46.5,38.0,CPBL
吳承諭,"31, 2/3",130,1.705,3.722,1.168,13.1,6.2,41.3,40.4,2.1129032258064515,,,17.2,48.6,30.9,CPBL
劉予承,21,95,5.143,6.17,1.619,12.6,12.6,40.8,39.4,1.0,,,16.9,41.5,29.3,CPBL
楊孟沅,"2, 1/3",11,3.857,4.836,2.143,9.1,18.2,12.5,75.0,0.5,,,0.0,44.8,100.0,CPBL
郭俊麟,29,148,9.621,6.398,1.931,14.9,9.5,39.1,36.4,1.568421052631579,,,19.6,46.1,33.8,CPBL
李軍,23,101,3.913,4.557,1.435,15.8,8.9,50.0,34.7,1.7752808988764046,,,16.8,46.4,30.8,CPBL
鍾允華,25,117,4.68,3.762,1.6,24.8,12.8,33.3,44.4,1.9375,,,25.8,49.4,45.3,CPBL
辛俊昇,"26, 1/3",95,2.051,3.578,0.722,16.8,5.3,61.6,27.4,3.169811320754717,,,20.9,44.6,36.4,CPBL
江承峰,4,20,9.0,9.622,1.75,30.0,15.0,30.0,60.0,2.0,,,38.9,53.7,60.0,CPBL
周彥農,11,49,5.727,6.667,1.818,4.1,20.4,70.3,13.5,0.20098039215686275,,,8.1,38.3,9.5,CPBL
奧德銳,39,155,2.077,2.686,1.103,19.4,5.2,47.8,31.3,3.7307692307692304,,,18.3,45.4,38.5,CPBL
張宥謙,4,18,2.25,1.122,1.5,22.2,0.0,21.4,50.0,inf,,,16.7,52.9,40.0,CPBL
獅帝芬,"24, 1/3",94,2.219,2.506,0.945,21.3,2.1,55.7,18.6,10.142857142857142,,,16.7,51.8,46.5,CPBL
林易霆,"0, 2/3",3,0.0,3.122,0.0,0.0,0.0,100.0,0.0,,,,25.0,30.8,0.0,CPBL
